script,line_number,line_content,referenced_path,purpose,would_move_break_it,change_required,notes
debug_r2.py,5,preds = pd.read_csv('results/predictions/phase4_1_cv_predictions.csv'),results/predictions/phase4_1_cv_predictions.csv,Prediction dataset read/write,YES,YES,Direct string literal in debug_r2.py
fix_encoding.py,3,"content = open('src/modeling/baseline_training.py', 'r', encoding='utf-8').read()",src/modeling/baseline_training.py,Internal path reference,NO,NO,Direct string literal in fix_encoding.py
fix_encoding.py,24,"open('src/modeling/baseline_training.py', 'w', encoding='utf-8').write(fixed)",src/modeling/baseline_training.py,Internal path reference,NO,NO,Direct string literal in fix_encoding.py
generate_phase41_report.py,18,"PREDS_CSV = ROOT / ""results"" / ""predictions"" / ""phase4_1_cv_predictions.csv""","results"" / ""predictions"" / ""phase4_1_cv_predictions.csv",Prediction dataset read/write,YES,YES,Direct string literal in generate_phase41_report.py
generate_phase41_report.py,19,"META_JSON = ROOT / ""results"" / ""phase4_1_run_metadata.json""","results"" / ""phase4_1_run_metadata.json",Internal path reference,YES,YES,Direct string literal in generate_phase41_report.py
generate_phase41_report.py,73,"results_df.to_csv(REPORTS_DIR / ""baseline_model_comparison.csv"", index=False)",baseline_model_comparison.csv,Internal path reference,YES,YES,Direct string literal in generate_phase41_report.py
generate_phase41_report.py,156,"figs = sorted(p.name for p in FIGURES_DIR.glob(""baseline_*.png""))",baseline_*.png,Internal path reference,YES,YES,Direct string literal in generate_phase41_report.py
verify_phase41.py,6,preds = pd.read_csv('results/predictions/phase4_1_cv_predictions.csv'),results/predictions/phase4_1_cv_predictions.csv,Prediction dataset read/write,YES,YES,Direct string literal in verify_phase41.py
verify_phase41.py,7,results = pd.read_csv('reports/baseline_model_comparison.csv'),reports/baseline_model_comparison.csv,Report / metric table saving,YES,YES,Direct string literal in verify_phase41.py
verify_phase41.py,25,for f in sorted(Path('reports/figures').glob('baseline_*.png')):,reports/figures,Diagnostic figure saving,YES,YES,Direct string literal in verify_phase41.py
verify_phase41.py,25,for f in sorted(Path('reports/figures').glob('baseline_*.png')):,baseline_*.png,Internal path reference,YES,YES,Direct string literal in verify_phase41.py
verify_phase41.py,29,"for f in ['reports/baseline_model_comparison.csv',",reports/baseline_model_comparison.csv,Report / metric table saving,YES,YES,Direct string literal in verify_phase41.py
verify_phase41.py,30,"'reports/baseline_modeling_report.md',",reports/baseline_modeling_report.md,Report / metric table saving,YES,YES,Direct string literal in verify_phase41.py
verify_phase41.py,31,"'results/predictions/phase4_1_cv_predictions.csv',",results/predictions/phase4_1_cv_predictions.csv,Prediction dataset read/write,YES,YES,Direct string literal in verify_phase41.py
verify_phase41.py,32,'results/phase4_1_run_metadata.json']:,results/phase4_1_run_metadata.json,Internal path reference,YES,YES,Direct string literal in verify_phase41.py
src/build_and_validate_master.py,15,"c_file = ""data/C Strenth Reading 1000000.xlsx""",data/C Strenth Reading 1000000.xlsx,Raw laboratory Excel access,YES,YES,Direct string literal in src/build_and_validate_master.py
src/build_and_validate_master.py,47,"'source_file': 'C Strenth Reading 1000000.xlsx',",source_file': 'C Strenth Reading 1000000.xlsx,Raw laboratory Excel access,YES,YES,Direct string literal in src/build_and_validate_master.py
src/build_and_validate_master.py,67,"'source_file': 'C Strenth Reading 1000000.xlsx',",source_file': 'C Strenth Reading 1000000.xlsx,Raw laboratory Excel access,YES,YES,Direct string literal in src/build_and_validate_master.py
src/build_and_validate_master.py,78,"f_file = ""data/F Strength Reading 1000000.xlsx""",data/F Strength Reading 1000000.xlsx,Raw laboratory Excel access,YES,YES,Direct string literal in src/build_and_validate_master.py
src/build_and_validate_master.py,123,"'source_file': 'F Strength Reading 1000000.xlsx',",source_file': 'F Strength Reading 1000000.xlsx,Raw laboratory Excel access,YES,YES,Direct string literal in src/build_and_validate_master.py
src/build_and_validate_master.py,135,"t_file = ""data/T Strenth Reading 1000000.xlsx""",data/T Strenth Reading 1000000.xlsx,Raw laboratory Excel access,YES,YES,Direct string literal in src/build_and_validate_master.py
src/build_and_validate_master.py,161,"'source_file': 'T Strenth Reading 1000000.xlsx',",source_file': 'T Strenth Reading 1000000.xlsx,Raw laboratory Excel access,YES,YES,Direct string literal in src/build_and_validate_master.py
src/build_and_validate_master.py,184,"csv_path = ""data/master_dataset.csv""",data/master_dataset.csv,Master dataset access,YES,YES,Direct string literal in src/build_and_validate_master.py
src/build_and_validate_master.py,185,"parquet_path = ""data/master_dataset.parquet""",data/master_dataset.parquet,Master dataset access,YES,YES,Direct string literal in src/build_and_validate_master.py
src/build_and_validate_master.py,246,"schema_df.to_csv(""reports/master_dataset_schema.csv"", index=False, encoding='utf-8')",reports/master_dataset_schema.csv,Master dataset access,YES,YES,Direct string literal in src/build_and_validate_master.py
src/build_and_validate_master.py,247,"print(""Successfully generated reports/master_dataset_schema.csv"")",Successfully generated reports/master_dataset_schema.csv,Master dataset access,YES,YES,Direct string literal in src/build_and_validate_master.py
src/build_and_validate_master.py,261,"vp(f""> - Schema Documentation: [`reports/master_dataset_schema.csv`](file:///{os.path.abspath('repor",> - Schema Documentation: [`reports/master_dataset_schema.csv`](file:///{os.path.abspath('reports/master_dataset_schema.csv,Master dataset access,YES,YES,Direct string literal in src/build_and_validate_master.py
src/build_and_validate_master.py,391,"with open(""reports/master_dataset_validation.md"", ""w"", encoding=""utf-8"") as f:",reports/master_dataset_validation.md,Master dataset access,YES,YES,Direct string literal in src/build_and_validate_master.py
src/build_master_design_report.py,87,"p(""| `source_file` | `'C Strenth Reading 1000000.xlsx'` | `'C Strenth Reading 1000000.xlsx'` | Linea",| `source_file` | `'C Strenth Reading 1000000.xlsx,Raw laboratory Excel access,YES,YES,Direct string literal in src/build_master_design_report.py
src/build_master_design_report.py,87,"p(""| `source_file` | `'C Strenth Reading 1000000.xlsx'` | `'C Strenth Reading 1000000.xlsx'` | Linea",C Strenth Reading 1000000.xlsx,Raw laboratory Excel access,YES,YES,Direct string literal in src/build_master_design_report.py
src/build_master_design_report.py,112,"p(""| `source_file` | `'F Strength Reading 1000000.xlsx'` | `'F Strength Reading 1000000.xlsx'` | Lin",| `source_file` | `'F Strength Reading 1000000.xlsx,Raw laboratory Excel access,YES,YES,Direct string literal in src/build_master_design_report.py
src/build_master_design_report.py,112,"p(""| `source_file` | `'F Strength Reading 1000000.xlsx'` | `'F Strength Reading 1000000.xlsx'` | Lin",F Strength Reading 1000000.xlsx,Raw laboratory Excel access,YES,YES,Direct string literal in src/build_master_design_report.py
src/build_master_design_report.py,137,"p(""| `source_file` | `'T Strenth Reading 1000000.xlsx'` | Lineage Metadata |"")",| `source_file` | `'T Strenth Reading 1000000.xlsx,Raw laboratory Excel access,YES,YES,Direct string literal in src/build_master_design_report.py
src/build_master_design_report.py,328,"with open('reports/master_dataset_design.md', 'w', encoding='utf-8') as f:",reports/master_dataset_design.md,Master dataset access,YES,YES,Direct string literal in src/build_master_design_report.py
src/complete_auditor.py,13,"'filename': 'C Strenth Reading 1000000.xlsx',",filename': 'C Strenth Reading 1000000.xlsx,Raw laboratory Excel access,YES,YES,Direct string literal in src/complete_auditor.py
src/complete_auditor.py,14,"'filepath': 'data/C Strenth Reading 1000000.xlsx',",filepath': 'data/C Strenth Reading 1000000.xlsx,Raw laboratory Excel access,YES,YES,Direct string literal in src/complete_auditor.py
src/complete_auditor.py,18,"'filename': 'F Strength Reading 1000000.xlsx',",filename': 'F Strength Reading 1000000.xlsx,Raw laboratory Excel access,YES,YES,Direct string literal in src/complete_auditor.py
src/complete_auditor.py,19,"'filepath': 'data/F Strength Reading 1000000.xlsx',",filepath': 'data/F Strength Reading 1000000.xlsx,Raw laboratory Excel access,YES,YES,Direct string literal in src/complete_auditor.py
src/complete_auditor.py,23,"'filename': 'T Strenth Reading 1000000.xlsx',",filename': 'T Strenth Reading 1000000.xlsx,Raw laboratory Excel access,YES,YES,Direct string literal in src/complete_auditor.py
src/complete_auditor.py,24,"'filepath': 'data/T Strenth Reading 1000000.xlsx',",filepath': 'data/T Strenth Reading 1000000.xlsx,Raw laboratory Excel access,YES,YES,Direct string literal in src/complete_auditor.py
src/deep_audit.py,8,"'C Strength': 'data/C Strenth Reading 1000000.xlsx',",C Strength': 'data/C Strenth Reading 1000000.xlsx,Raw laboratory Excel access,YES,YES,Direct string literal in src/deep_audit.py
src/deep_audit.py,9,"'F Strength': 'data/F Strength Reading 1000000.xlsx',",F Strength': 'data/F Strength Reading 1000000.xlsx,Raw laboratory Excel access,YES,YES,Direct string literal in src/deep_audit.py
src/deep_audit.py,10,'T Strength': 'data/T Strenth Reading 1000000.xlsx',T Strength': 'data/T Strenth Reading 1000000.xlsx,Raw laboratory Excel access,YES,YES,Direct string literal in src/deep_audit.py
src/generate_design_report.py,85,"p(""| `source_file` | `'C Strenth Reading 1000000.xlsx'` | `'C Strenth Reading 1000000.xlsx'` |"")",| `source_file` | `'C Strenth Reading 1000000.xlsx,Raw laboratory Excel access,YES,YES,Direct string literal in src/generate_design_report.py
src/generate_design_report.py,85,"p(""| `source_file` | `'C Strenth Reading 1000000.xlsx'` | `'C Strenth Reading 1000000.xlsx'` |"")",C Strenth Reading 1000000.xlsx,Raw laboratory Excel access,YES,YES,Direct string literal in src/generate_design_report.py
src/generate_design_report.py,106,"p(""| `source_file` | `'F Strength Reading 1000000.xlsx'` | `'F Strength Reading 1000000.xlsx'` |"")",| `source_file` | `'F Strength Reading 1000000.xlsx,Raw laboratory Excel access,YES,YES,Direct string literal in src/generate_design_report.py
src/generate_design_report.py,106,"p(""| `source_file` | `'F Strength Reading 1000000.xlsx'` | `'F Strength Reading 1000000.xlsx'` |"")",F Strength Reading 1000000.xlsx,Raw laboratory Excel access,YES,YES,Direct string literal in src/generate_design_report.py
src/generate_design_report.py,127,"p(""| `source_file` | Assigned | `'T Strenth Reading 1000000.xlsx'` |"")",| `source_file` | Assigned | `'T Strenth Reading 1000000.xlsx,Raw laboratory Excel access,YES,YES,Direct string literal in src/generate_design_report.py
src/generate_design_report.py,281,"with open('reports/master_dataset_design.md', 'w', encoding='utf-8') as f:",reports/master_dataset_design.md,Master dataset access,YES,YES,Direct string literal in src/generate_design_report.py
src/generate_full_audit.py,14,"'filename': 'C Strenth Reading 1000000.xlsx',",filename': 'C Strenth Reading 1000000.xlsx,Raw laboratory Excel access,YES,YES,Direct string literal in src/generate_full_audit.py
src/generate_full_audit.py,15,"'filepath': 'data/C Strenth Reading 1000000.xlsx',",filepath': 'data/C Strenth Reading 1000000.xlsx,Raw laboratory Excel access,YES,YES,Direct string literal in src/generate_full_audit.py
src/generate_full_audit.py,20,"'filename': 'F Strength Reading 1000000.xlsx',",filename': 'F Strength Reading 1000000.xlsx,Raw laboratory Excel access,YES,YES,Direct string literal in src/generate_full_audit.py
src/generate_full_audit.py,21,"'filepath': 'data/F Strength Reading 1000000.xlsx',",filepath': 'data/F Strength Reading 1000000.xlsx,Raw laboratory Excel access,YES,YES,Direct string literal in src/generate_full_audit.py
src/generate_full_audit.py,26,"'filename': 'T Strenth Reading 1000000.xlsx',",filename': 'T Strenth Reading 1000000.xlsx,Raw laboratory Excel access,YES,YES,Direct string literal in src/generate_full_audit.py
src/generate_full_audit.py,27,"'filepath': 'data/T Strenth Reading 1000000.xlsx',",filepath': 'data/T Strenth Reading 1000000.xlsx,Raw laboratory Excel access,YES,YES,Direct string literal in src/generate_full_audit.py
src/generate_full_audit.py,283,"schema_df.to_csv('reports/dataset_schema.csv', index=False, encoding='utf-8')",reports/dataset_schema.csv,Report / metric table saving,YES,YES,Direct string literal in src/generate_full_audit.py
src/generate_markdown_report.py,11,schema_df = pd.read_csv('reports/dataset_schema.csv'),reports/dataset_schema.csv,Report / metric table saving,YES,YES,Direct string literal in src/generate_markdown_report.py
src/generate_markdown_report.py,47,"'name': 'C Strenth Reading 1000000.xlsx',",name': 'C Strenth Reading 1000000.xlsx,Raw laboratory Excel access,YES,YES,Direct string literal in src/generate_markdown_report.py
src/generate_markdown_report.py,48,"'path': 'data/C Strenth Reading 1000000.xlsx',",path': 'data/C Strenth Reading 1000000.xlsx,Raw laboratory Excel access,YES,YES,Direct string literal in src/generate_markdown_report.py
src/generate_markdown_report.py,53,"'name': 'F Strength Reading 1000000.xlsx',",name': 'F Strength Reading 1000000.xlsx,Raw laboratory Excel access,YES,YES,Direct string literal in src/generate_markdown_report.py
src/generate_markdown_report.py,54,"'path': 'data/F Strength Reading 1000000.xlsx',",path': 'data/F Strength Reading 1000000.xlsx,Raw laboratory Excel access,YES,YES,Direct string literal in src/generate_markdown_report.py
src/generate_markdown_report.py,59,"'name': 'T Strenth Reading 1000000.xlsx',",name': 'T Strenth Reading 1000000.xlsx,Raw laboratory Excel access,YES,YES,Direct string literal in src/generate_markdown_report.py
src/generate_markdown_report.py,60,"'path': 'data/T Strenth Reading 1000000.xlsx',",path': 'data/T Strenth Reading 1000000.xlsx,Raw laboratory Excel access,YES,YES,Direct string literal in src/generate_markdown_report.py
src/generate_markdown_report.py,281,"with open('reports/dataset_audit.md', 'w', encoding='utf-8') as f:",reports/dataset_audit.md,Report / metric table saving,YES,YES,Direct string literal in src/generate_markdown_report.py
src/parse_all_sheets.py,11,"'C Strenth Reading 1000000.xlsx': 'data/C Strenth Reading 1000000.xlsx',",C Strenth Reading 1000000.xlsx,Raw laboratory Excel access,YES,YES,Direct string literal in src/parse_all_sheets.py
src/parse_all_sheets.py,11,"'C Strenth Reading 1000000.xlsx': 'data/C Strenth Reading 1000000.xlsx',",data/C Strenth Reading 1000000.xlsx,Raw laboratory Excel access,YES,YES,Direct string literal in src/parse_all_sheets.py
src/parse_all_sheets.py,12,"'F Strength Reading 1000000.xlsx': 'data/F Strength Reading 1000000.xlsx',",F Strength Reading 1000000.xlsx,Raw laboratory Excel access,YES,YES,Direct string literal in src/parse_all_sheets.py
src/parse_all_sheets.py,12,"'F Strength Reading 1000000.xlsx': 'data/F Strength Reading 1000000.xlsx',",data/F Strength Reading 1000000.xlsx,Raw laboratory Excel access,YES,YES,Direct string literal in src/parse_all_sheets.py
src/parse_all_sheets.py,13,'T Strenth Reading 1000000.xlsx': 'data/T Strenth Reading 1000000.xlsx',T Strenth Reading 1000000.xlsx,Raw laboratory Excel access,YES,YES,Direct string literal in src/parse_all_sheets.py
src/parse_all_sheets.py,13,'T Strenth Reading 1000000.xlsx': 'data/T Strenth Reading 1000000.xlsx',data/T Strenth Reading 1000000.xlsx,Raw laboratory Excel access,YES,YES,Direct string literal in src/parse_all_sheets.py
src/perform_eda.py,13,"os.makedirs(""reports/figures"", exist_ok=True)",reports/figures,Diagnostic figure saving,YES,YES,Direct string literal in src/perform_eda.py
src/perform_eda.py,26,"df = pd.read_csv(""data/master_dataset.csv"")",data/master_dataset.csv,Master dataset access,YES,YES,Direct string literal in src/perform_eda.py
src/perform_eda.py,87,"fig.savefig(""reports/figures/01_target_distribution_compressive.png"")",reports/figures/01_target_distribution_compressive.png,Diagnostic figure saving,YES,YES,Direct string literal in src/perform_eda.py
src/perform_eda.py,98,"fig.savefig(""reports/figures/02_target_distribution_flexural.png"")",reports/figures/02_target_distribution_flexural.png,Diagnostic figure saving,YES,YES,Direct string literal in src/perform_eda.py
src/perform_eda.py,109,"fig.savefig(""reports/figures/03_target_distribution_split_tensile.png"")",reports/figures/03_target_distribution_split_tensile.png,Diagnostic figure saving,YES,YES,Direct string literal in src/perform_eda.py
src/perform_eda.py,139,"fig_name = f""04_age_effect_{prop_short[prop]}.png"" if prop == 'Compressive Strength' else (f""05_age_",04_age_effect_{prop_short[prop]}.png,Internal path reference,YES,YES,Direct string literal in src/perform_eda.py
src/perform_eda.py,139,"fig_name = f""04_age_effect_{prop_short[prop]}.png"" if prop == 'Compressive Strength' else (f""05_age_","Compressive Strength' else (f""05_age_effect_{prop_short[prop]}.png",Internal path reference,YES,YES,Direct string literal in src/perform_eda.py
src/perform_eda.py,139,"fig_name = f""04_age_effect_{prop_short[prop]}.png"" if prop == 'Compressive Strength' else (f""05_age_","Flexural Strength' else f""06_age_effect_{prop_short[prop]}.png",Internal path reference,YES,YES,Direct string literal in src/perform_eda.py
src/perform_eda.py,140,"fig.savefig(f""reports/figures/{fig_name}"")",reports/figures/{fig_name},Diagnostic figure saving,YES,YES,Direct string literal in src/perform_eda.py
src/perform_eda.py,225,"fig_num = ""07_boxplots_compressive.png"" if prop == 'Compressive Strength' else (""08_boxplots_flexura",07_boxplots_compressive.png,Internal path reference,YES,YES,Direct string literal in src/perform_eda.py
src/perform_eda.py,225,"fig_num = ""07_boxplots_compressive.png"" if prop == 'Compressive Strength' else (""08_boxplots_flexura","Compressive Strength' else (""08_boxplots_flexural.png",Internal path reference,YES,YES,Direct string literal in src/perform_eda.py
src/perform_eda.py,225,"fig_num = ""07_boxplots_compressive.png"" if prop == 'Compressive Strength' else (""08_boxplots_flexura","Flexural Strength' else ""09_boxplots_split_tensile.png",Internal path reference,YES,YES,Direct string literal in src/perform_eda.py
src/perform_eda.py,226,"fig.savefig(f""reports/figures/{fig_num}"")",reports/figures/{fig_num},Diagnostic figure saving,YES,YES,Direct string literal in src/perform_eda.py
src/perform_eda.py,271,"fig.savefig(""reports/figures/11_outliers_iqr.png"", bbox_inches='tight')",reports/figures/11_outliers_iqr.png,Diagnostic figure saving,YES,YES,Direct string literal in src/perform_eda.py
src/perform_eda.py,303,"fig.savefig(""reports/figures/10_correlation_heatmap.png"", bbox_inches='tight')",reports/figures/10_correlation_heatmap.png,Diagnostic figure saving,YES,YES,Direct string literal in src/perform_eda.py
src/perform_eda.py,389,"clean_p = os.path.abspath(f""reports/figures/{fname}"").replace('\\', '/')",reports/figures/{fname},Diagnostic figure saving,YES,YES,Direct string literal in src/perform_eda.py
src/perform_eda.py,396,"rp(f""| **Figure 1** | {make_fig_link('01_target_distribution_compressive.png')} — Compressive Streng",| **Figure 1** | {make_fig_link('01_target_distribution_compressive.png,Internal path reference,YES,YES,Direct string literal in src/perform_eda.py
src/perform_eda.py,397,"rp(f""| **Figure 2** | {make_fig_link('02_target_distribution_flexural.png')} — Flexural Strength dis",| **Figure 2** | {make_fig_link('02_target_distribution_flexural.png,Internal path reference,YES,YES,Direct string literal in src/perform_eda.py
src/perform_eda.py,398,"rp(f""| **Figure 3** | {make_fig_link('03_target_distribution_split_tensile.png')} — Split Tensile St",| **Figure 3** | {make_fig_link('03_target_distribution_split_tensile.png,Internal path reference,YES,YES,Direct string literal in src/perform_eda.py
src/perform_eda.py,424,"rp(f""| **Figure 4** | {make_fig_link('04_age_effect_compressive.png')} — Compressive Strength trajec",| **Figure 4** | {make_fig_link('04_age_effect_compressive.png,Internal path reference,YES,YES,Direct string literal in src/perform_eda.py
src/perform_eda.py,425,"rp(f""| **Figure 5** | {make_fig_link('05_age_effect_flexural.png')} — Flexural Strength trajectory a",| **Figure 5** | {make_fig_link('05_age_effect_flexural.png,Internal path reference,YES,YES,Direct string literal in src/perform_eda.py
src/perform_eda.py,426,"rp(f""| **Figure 6** | {make_fig_link('06_age_effect_split_tensile.png')} — Split Tensile Strength tr",| **Figure 6** | {make_fig_link('06_age_effect_split_tensile.png,Internal path reference,YES,YES,Direct string literal in src/perform_eda.py
src/perform_eda.py,489,"rp(f""| **Figure 7** | {make_fig_link('07_boxplots_compressive.png')} — Boxplots for Compressive Stre",| **Figure 7** | {make_fig_link('07_boxplots_compressive.png,Internal path reference,YES,YES,Direct string literal in src/perform_eda.py
src/perform_eda.py,490,"rp(f""| **Figure 8** | {make_fig_link('08_boxplots_flexural.png')} — Boxplots for Flexural Strength a",| **Figure 8** | {make_fig_link('08_boxplots_flexural.png,Internal path reference,YES,YES,Direct string literal in src/perform_eda.py
src/perform_eda.py,491,"rp(f""| **Figure 9** | {make_fig_link('09_boxplots_split_tensile.png')} — Boxplots for Split Tensile ",| **Figure 9** | {make_fig_link('09_boxplots_split_tensile.png,Internal path reference,YES,YES,Direct string literal in src/perform_eda.py
src/perform_eda.py,492,"rp(f""| **Figure 11** | {make_fig_link('11_outliers_iqr.png')} — Multi-panel Tukey IQR outlier diagno",| **Figure 11** | {make_fig_link('11_outliers_iqr.png,Internal path reference,YES,YES,Direct string literal in src/perform_eda.py
src/perform_eda.py,526,"rp(f""- {make_fig_link('10_correlation_heatmap.png')} — Multi-panel correlation heatmap illustrating ",- {make_fig_link('10_correlation_heatmap.png,Internal path reference,YES,YES,Direct string literal in src/perform_eda.py
src/perform_eda.py,585,"fig_dir_abs = os.path.abspath(""reports/figures"").replace(""\\"", ""/"")",reports/figures,Diagnostic figure saving,YES,YES,Direct string literal in src/perform_eda.py
src/perform_eda.py,593,"rp(f""1. **Figure 1**: {make_fig_link('01_target_distribution_compressive.png')} — Target distributio",1. **Figure 1**: {make_fig_link('01_target_distribution_compressive.png,Internal path reference,YES,YES,Direct string literal in src/perform_eda.py
src/perform_eda.py,594,"rp(f""2. **Figure 2**: {make_fig_link('02_target_distribution_flexural.png')} — Target distribution: ",2. **Figure 2**: {make_fig_link('02_target_distribution_flexural.png,Internal path reference,YES,YES,Direct string literal in src/perform_eda.py
src/perform_eda.py,595,"rp(f""3. **Figure 3**: {make_fig_link('03_target_distribution_split_tensile.png')} — Target distribut",3. **Figure 3**: {make_fig_link('03_target_distribution_split_tensile.png,Internal path reference,YES,YES,Direct string literal in src/perform_eda.py
src/perform_eda.py,596,"rp(f""4. **Figure 4**: {make_fig_link('04_age_effect_compressive.png')} — Strength vs curing age: Com",4. **Figure 4**: {make_fig_link('04_age_effect_compressive.png,Internal path reference,YES,YES,Direct string literal in src/perform_eda.py
src/perform_eda.py,597,"rp(f""5. **Figure 5**: {make_fig_link('05_age_effect_flexural.png')} — Strength vs curing age: Flexur",5. **Figure 5**: {make_fig_link('05_age_effect_flexural.png,Internal path reference,YES,YES,Direct string literal in src/perform_eda.py
src/perform_eda.py,598,"rp(f""6. **Figure 6**: {make_fig_link('06_age_effect_split_tensile.png')} — Strength vs curing age: S",6. **Figure 6**: {make_fig_link('06_age_effect_split_tensile.png,Internal path reference,YES,YES,Direct string literal in src/perform_eda.py
src/perform_eda.py,599,"rp(f""7. **Figure 7**: {make_fig_link('07_boxplots_compressive.png')} — Normal vs bacterial boxplots:",7. **Figure 7**: {make_fig_link('07_boxplots_compressive.png,Internal path reference,YES,YES,Direct string literal in src/perform_eda.py
src/perform_eda.py,600,"rp(f""8. **Figure 8**: {make_fig_link('08_boxplots_flexural.png')} — Normal vs bacterial boxplots: Fl",8. **Figure 8**: {make_fig_link('08_boxplots_flexural.png,Internal path reference,YES,YES,Direct string literal in src/perform_eda.py
src/perform_eda.py,601,"rp(f""9. **Figure 9**: {make_fig_link('09_boxplots_split_tensile.png')} — Normal vs bacterial boxplot",9. **Figure 9**: {make_fig_link('09_boxplots_split_tensile.png,Internal path reference,YES,YES,Direct string literal in src/perform_eda.py
src/perform_eda.py,602,"rp(f""10. **Figure 10**: {make_fig_link('10_correlation_heatmap.png')} — Pearson correlation heatmap ",10. **Figure 10**: {make_fig_link('10_correlation_heatmap.png,Internal path reference,YES,YES,Direct string literal in src/perform_eda.py
src/perform_eda.py,603,"rp(f""11. **Figure 11**: {make_fig_link('11_outliers_iqr.png')} — Tukey IQR outlier diagnostic plot a",11. **Figure 11**: {make_fig_link('11_outliers_iqr.png,Internal path reference,YES,YES,Direct string literal in src/perform_eda.py
src/perform_eda.py,649,"with open(""reports/eda_report.md"", ""w"", encoding=""utf-8"") as f:",reports/eda_report.md,Report / metric table saving,YES,YES,Direct string literal in src/perform_eda.py
src/modeling/baseline_training.py,124,"csv_path = DATA_DIR / ""master_dataset.csv""",master_dataset.csv,Master dataset access,YES,YES,Direct string literal in src/modeling/baseline_training.py
src/modeling/baseline_training.py,125,"parq_path = DATA_DIR / ""master_dataset.parquet""",master_dataset.parquet,Master dataset access,YES,YES,Direct string literal in src/modeling/baseline_training.py
src/modeling/baseline_training.py,144,"master = pd.read_csv(DATA_DIR / ""master_dataset.csv"")",master_dataset.csv,Master dataset access,YES,YES,Direct string literal in src/modeling/baseline_training.py
src/modeling/baseline_training.py,145,"dev_ids = pd.read_csv(SPLITS_DIR / ""development_rows.csv"")[""sample_id""]",development_rows.csv,Locked split / partition access,YES,YES,Direct string literal in src/modeling/baseline_training.py
src/modeling/baseline_training.py,146,"test_ids = pd.read_csv(SPLITS_DIR / ""final_test_rows.csv"")[""sample_id""]",final_test_rows.csv,Locked split / partition access,YES,YES,Direct string literal in src/modeling/baseline_training.py
src/modeling/baseline_training.py,147,"cv_assignments = pd.read_csv(SPLITS_DIR / ""grouped_cv_assignments.csv"")",grouped_cv_assignments.csv,Internal path reference,YES,YES,Direct string literal in src/modeling/baseline_training.py
src/modeling/baseline_training.py,497,"fig.savefig(FIGURES_DIR / ""baseline_mae_separate.png"", dpi=150, bbox_inches=""tight"")",baseline_mae_separate.png,Internal path reference,YES,YES,Direct string literal in src/modeling/baseline_training.py
src/modeling/baseline_training.py,525,"fig.savefig(FIGURES_DIR / f""baseline_{metric}_heatmap.png"", dpi=150, bbox_inches=""tight"")",baseline_{metric}_heatmap.png,Internal path reference,YES,YES,Direct string literal in src/modeling/baseline_training.py
src/modeling/baseline_training.py,572,"fig.savefig(FIGURES_DIR / ""baseline_pred_vs_actual.png"", dpi=150, bbox_inches=""tight"")",baseline_pred_vs_actual.png,Internal path reference,YES,YES,Direct string literal in src/modeling/baseline_training.py
src/modeling/baseline_training.py,606,"fig.savefig(FIGURES_DIR / ""baseline_residuals.png"", dpi=150, bbox_inches=""tight"")",baseline_residuals.png,Internal path reference,YES,YES,Direct string literal in src/modeling/baseline_training.py
src/modeling/baseline_training.py,629,"fig.savefig(FIGURES_DIR / ""baseline_r2_comparison.png"", dpi=150, bbox_inches=""tight"")",baseline_r2_comparison.png,Internal path reference,YES,YES,Direct string literal in src/modeling/baseline_training.py
src/modeling/baseline_training.py,658,"fig.savefig(FIGURES_DIR / ""baseline_mae_by_age.png"", dpi=150, bbox_inches=""tight"")",baseline_mae_by_age.png,Internal path reference,YES,YES,Direct string literal in src/modeling/baseline_training.py
src/modeling/baseline_training.py,685,"fig.savefig(FIGURES_DIR / ""baseline_mae_bacterial_vs_normal.png"", dpi=150, bbox_inches=""tight"")",baseline_mae_bacterial_vs_normal.png,Internal path reference,YES,YES,Direct string literal in src/modeling/baseline_training.py
src/modeling/baseline_training.py,694,"csv_out = REPORTS_DIR / ""baseline_model_comparison.csv""",baseline_model_comparison.csv,Internal path reference,YES,YES,Direct string literal in src/modeling/baseline_training.py
src/modeling/baseline_training.py,924,"preds_out = PREDS_DIR / ""phase4_1_cv_predictions.csv""",phase4_1_cv_predictions.csv,Prediction dataset read/write,YES,YES,Direct string literal in src/modeling/baseline_training.py
src/modeling/baseline_training.py,933,"csv_sha = sha256_file(DATA_DIR / ""master_dataset.csv"")",master_dataset.csv,Master dataset access,YES,YES,Direct string literal in src/modeling/baseline_training.py
src/modeling/baseline_training.py,934,"parq_sha = sha256_file(DATA_DIR / ""master_dataset.parquet"")",master_dataset.parquet,Master dataset access,YES,YES,Direct string literal in src/modeling/baseline_training.py
src/modeling/baseline_training.py,954,"meta_out = RESULTS_DIR / ""phase4_1_run_metadata.json""",phase4_1_run_metadata.json,Internal path reference,YES,YES,Direct string literal in src/modeling/baseline_training.py
src/modeling/baseline_training.py,972,"print(f""    reports/baseline_model_comparison.csv"")",reports/baseline_model_comparison.csv,Report / metric table saving,YES,YES,Direct string literal in src/modeling/baseline_training.py
src/modeling/baseline_training.py,974,"print(f""    results/predictions/phase4_1_cv_predictions.csv"")",results/predictions/phase4_1_cv_predictions.csv,Prediction dataset read/write,YES,YES,Direct string literal in src/modeling/baseline_training.py
src/modeling/baseline_training.py,975,"print(f""    results/phase4_1_run_metadata.json"")",results/phase4_1_run_metadata.json,Internal path reference,YES,YES,Direct string literal in src/modeling/baseline_training.py
src/modeling/evaluate_tabpfn_baselines.py,26,"DATA_CSV = ROOT / ""data"" / ""tabpfn_concrete_v1"" / ""tabpfn_concrete_model.csv""","data"" / ""tabpfn_concrete_v1"" / ""tabpfn_concrete_model.csv",Internal path reference,YES,YES,Direct string literal in src/modeling/evaluate_tabpfn_baselines.py
src/modeling/evaluate_tabpfn_baselines.py,27,"DEV_ROWS_CSV = ROOT / ""data"" / ""splits"" / ""development_rows.csv""","data"" / ""splits"" / ""development_rows.csv",Locked split / partition access,YES,YES,Direct string literal in src/modeling/evaluate_tabpfn_baselines.py
src/modeling/evaluate_tabpfn_baselines.py,28,"CKPT_PATH = ROOT / ""models"" / ""tabpfn-v2.5-regressor-v2.5_real.ckpt""","models"" / ""tabpfn-v2.5-regressor-v2.5_real.ckpt",Base TabPFN checkpoint loading,YES,YES,Direct string literal in src/modeling/evaluate_tabpfn_baselines.py
src/modeling/evaluate_tabpfn_baselines.py,195,"ft_model_path = MODELS_OUT / ""concrete_tabpfn_adapted.ckpt""",concrete_tabpfn_adapted.ckpt,Base TabPFN checkpoint loading,YES,YES,Direct string literal in src/modeling/evaluate_tabpfn_baselines.py
src/modeling/evaluate_tabpfn_baselines.py,291,"preds_path = PREDS_OUT / ""tabpfn_cv_predictions.csv""",tabpfn_cv_predictions.csv,Prediction dataset read/write,YES,YES,Direct string literal in src/modeling/evaluate_tabpfn_baselines.py
src/modeling/evaluate_tabpfn_baselines.py,297,"bench_path = ROOT / ""reports"" / ""tabpfn_model_comparison.csv""","reports"" / ""tabpfn_model_comparison.csv",Report / metric table saving,YES,YES,Direct string literal in src/modeling/evaluate_tabpfn_baselines.py
src/modeling/evaluate_tabpfn_baselines.py,316,"with open(MODELS_OUT / ""tabpfn_run_metadata.json"", ""w"") as f:",tabpfn_run_metadata.json,Internal path reference,YES,YES,Direct string literal in src/modeling/evaluate_tabpfn_baselines.py
src/modeling/evaluate_tabpfn_finetuned_5fold.py,51,"DATA_CSV = ROOT / ""data"" / ""tabpfn_concrete_v1"" / ""tabpfn_concrete_model.csv""","data"" / ""tabpfn_concrete_v1"" / ""tabpfn_concrete_model.csv",Internal path reference,YES,YES,Direct string literal in src/modeling/evaluate_tabpfn_finetuned_5fold.py
src/modeling/evaluate_tabpfn_finetuned_5fold.py,52,"DEV_ROWS_CSV = ROOT / ""data"" / ""splits"" / ""development_rows.csv""","data"" / ""splits"" / ""development_rows.csv",Locked split / partition access,YES,YES,Direct string literal in src/modeling/evaluate_tabpfn_finetuned_5fold.py
src/modeling/evaluate_tabpfn_finetuned_5fold.py,53,"CV_ASSIGN_CSV = ROOT / ""data"" / ""splits"" / ""grouped_cv_assignments.csv""","data"" / ""splits"" / ""grouped_cv_assignments.csv",Locked split / partition access,YES,YES,Direct string literal in src/modeling/evaluate_tabpfn_finetuned_5fold.py
src/modeling/evaluate_tabpfn_finetuned_5fold.py,54,"CKPT_PATH = ROOT / ""models"" / ""tabpfn-v2.5-regressor-v2.5_real.ckpt""","models"" / ""tabpfn-v2.5-regressor-v2.5_real.ckpt",Base TabPFN checkpoint loading,YES,YES,Direct string literal in src/modeling/evaluate_tabpfn_finetuned_5fold.py
src/modeling/evaluate_tabpfn_finetuned_5fold.py,173,"fold_model_file = fold_model_dir / f""fold_{fold_idx}_finetuned.joblib""",fold_{fold_idx}_finetuned.joblib,Fine-tuned model loading,YES,YES,Direct string literal in src/modeling/evaluate_tabpfn_finetuned_5fold.py
src/modeling/evaluate_tabpfn_finetuned_5fold.py,174,"fold_config_file = fold_model_dir / f""fold_{fold_idx}_config.json""",fold_{fold_idx}_config.json,Internal path reference,YES,YES,Direct string literal in src/modeling/evaluate_tabpfn_finetuned_5fold.py
src/modeling/evaluate_tabpfn_finetuned_5fold.py,175,"fold_val_preds_file = fold_model_dir / f""fold_{fold_idx}_val_predictions.csv""",fold_{fold_idx}_val_predictions.csv,Prediction dataset read/write,YES,YES,Direct string literal in src/modeling/evaluate_tabpfn_finetuned_5fold.py
src/modeling/evaluate_tabpfn_finetuned_5fold.py,373,"oof_csv_path = PREDS_DIR / ""tabpfn_finetuned_oof_predictions_run2.csv""",tabpfn_finetuned_oof_predictions_run2.csv,Prediction dataset read/write,YES,YES,Direct string literal in src/modeling/evaluate_tabpfn_finetuned_5fold.py
src/modeling/evaluate_tabpfn_finetuned_5fold.py,411,"pre_df_all = pd.read_csv(""results/predictions/tabpfn_cv_predictions.csv"")",results/predictions/tabpfn_cv_predictions.csv,Prediction dataset read/write,YES,YES,Direct string literal in src/modeling/evaluate_tabpfn_finetuned_5fold.py
src/modeling/evaluate_tabpfn_finetuned_5fold.py,421,"p41_preds = pd.read_csv(""results/predictions/phase4_1_cv_predictions.csv"")",results/predictions/phase4_1_cv_predictions.csv,Prediction dataset read/write,YES,YES,Direct string literal in src/modeling/evaluate_tabpfn_finetuned_5fold.py
src/modeling/evaluate_tabpfn_finetuned_5fold.py,506,"comp_csv_path = REPORTS_DIR / ""tabpfn_finetuned_model_comparison_run2.csv""",tabpfn_finetuned_model_comparison_run2.csv,Internal path reference,YES,YES,Direct string literal in src/modeling/evaluate_tabpfn_finetuned_5fold.py
src/modeling/evaluate_tabpfn_finetuned_5fold.py,546,"meta_path = RESULTS_RUN2_DIR / ""metadata.json""",metadata.json,Internal path reference,YES,YES,Direct string literal in src/modeling/evaluate_tabpfn_finetuned_5fold.py
src/modeling/evaluate_tabpfn_finetuned_5fold.py,571,"fig.savefig(FIGURES_DIR / ""actual_vs_pred_compressive.png"")",actual_vs_pred_compressive.png,Internal path reference,YES,YES,Direct string literal in src/modeling/evaluate_tabpfn_finetuned_5fold.py
src/modeling/evaluate_tabpfn_finetuned_5fold.py,589,"fig.savefig(FIGURES_DIR / ""actual_vs_pred_flexural.png"")",actual_vs_pred_flexural.png,Internal path reference,YES,YES,Direct string literal in src/modeling/evaluate_tabpfn_finetuned_5fold.py
src/modeling/evaluate_tabpfn_finetuned_5fold.py,607,"fig.savefig(FIGURES_DIR / ""actual_vs_pred_split_tensile.png"")",actual_vs_pred_split_tensile.png,Internal path reference,YES,YES,Direct string literal in src/modeling/evaluate_tabpfn_finetuned_5fold.py
src/modeling/evaluate_tabpfn_finetuned_5fold.py,621,"fig.savefig(FIGURES_DIR / ""residual_distribution.png"")",residual_distribution.png,Internal path reference,YES,YES,Direct string literal in src/modeling/evaluate_tabpfn_finetuned_5fold.py
src/modeling/evaluate_tabpfn_finetuned_5fold.py,633,"fig.savefig(FIGURES_DIR / ""fold_wise_mae.png"")",fold_wise_mae.png,Internal path reference,YES,YES,Direct string literal in src/modeling/evaluate_tabpfn_finetuned_5fold.py
src/modeling/evaluate_tabpfn_finetuned_5fold.py,661,"fig.savefig(FIGURES_DIR / ""pretrained_vs_finetuned_mae.png"")",pretrained_vs_finetuned_mae.png,Internal path reference,YES,YES,Direct string literal in src/modeling/evaluate_tabpfn_finetuned_5fold.py
src/modeling/evaluate_tabpfn_finetuned_5fold.py,674,"fig.savefig(FIGURES_DIR / ""mae_vs_curing_age.png"")",mae_vs_curing_age.png,Internal path reference,YES,YES,Direct string literal in src/modeling/evaluate_tabpfn_finetuned_5fold.py
src/modeling/evaluate_tabpfn_finetuned_5fold.py,686,"fig.savefig(FIGURES_DIR / ""prediction_error_vs_curing_age.png"")",prediction_error_vs_curing_age.png,Internal path reference,YES,YES,Direct string literal in src/modeling/evaluate_tabpfn_finetuned_5fold.py
src/modeling/phase5_final_evaluation.py,43,"TABPFN_DATA = DATA_DIR / ""tabpfn_concrete_v1"" / ""tabpfn_concrete_model.csv""","tabpfn_concrete_v1"" / ""tabpfn_concrete_model.csv",Internal path reference,YES,YES,Direct string literal in src/modeling/phase5_final_evaluation.py
src/modeling/phase5_final_evaluation.py,44,"FINAL_TEST_CSV = DATA_DIR / ""splits"" / ""final_test_rows.csv""","splits"" / ""final_test_rows.csv",Locked split / partition access,YES,YES,Direct string literal in src/modeling/phase5_final_evaluation.py
src/modeling/phase5_final_evaluation.py,45,"DEV_ROWS_CSV = DATA_DIR / ""splits"" / ""development_rows.csv""","splits"" / ""development_rows.csv",Locked split / partition access,YES,YES,Direct string literal in src/modeling/phase5_final_evaluation.py
src/modeling/phase5_final_evaluation.py,46,"CKPT_PATH = ROOT / ""models"" / ""tabpfn-v2.5-regressor-v2.5_real.ckpt""","models"" / ""tabpfn-v2.5-regressor-v2.5_real.ckpt",Base TabPFN checkpoint loading,YES,YES,Direct string literal in src/modeling/phase5_final_evaluation.py
src/modeling/phase5_final_evaluation.py,119,"csv_path = DATA_DIR / ""master_dataset.csv""",master_dataset.csv,Master dataset access,YES,YES,Direct string literal in src/modeling/phase5_final_evaluation.py
src/modeling/phase5_final_evaluation.py,132,"parq_path = DATA_DIR / ""master_dataset.parquet""",master_dataset.parquet,Master dataset access,YES,YES,Direct string literal in src/modeling/phase5_final_evaluation.py
src/modeling/phase5_final_evaluation.py,273,"out_path = PREDS_DIR / ""phase5_final_test_predictions.csv""",phase5_final_test_predictions.csv,Locked split / partition access,YES,YES,Direct string literal in src/modeling/phase5_final_evaluation.py
src/modeling/phase5_final_evaluation.py,318,"plt.savefig(FIGS_DIR / ""phase5_parity_plots.png"", dpi=180, bbox_inches=""tight"")",phase5_parity_plots.png,Internal path reference,YES,YES,Direct string literal in src/modeling/phase5_final_evaluation.py
src/modeling/phase5_final_evaluation.py,336,"plt.savefig(FIGS_DIR / ""phase5_residual_distributions.png"", dpi=180, bbox_inches=""tight"")",phase5_residual_distributions.png,Internal path reference,YES,YES,Direct string literal in src/modeling/phase5_final_evaluation.py
src/modeling/phase5_final_evaluation.py,358,"plt.savefig(FIGS_DIR / ""phase5_cohort_mae.png"", dpi=180, bbox_inches=""tight"")",phase5_cohort_mae.png,Internal path reference,YES,YES,Direct string literal in src/modeling/phase5_final_evaluation.py
src/modeling/phase5_final_evaluation.py,385,"plt.savefig(FIGS_DIR / ""phase5_oof_vs_test_comparison.png"", dpi=180, bbox_inches=""tight"")",phase5_oof_vs_test_comparison.png,Internal path reference,YES,YES,Direct string literal in src/modeling/phase5_final_evaluation.py
src/modeling/phase5_final_evaluation.py,406,"plt.savefig(FIGS_DIR / ""phase5_error_by_concrete_type.png"", dpi=180, bbox_inches=""tight"")",phase5_error_by_concrete_type.png,Internal path reference,YES,YES,Direct string literal in src/modeling/phase5_final_evaluation.py
src/modeling/phase5_final_evaluation.py,454,"meta_path = RESULTS_DIR / ""phase5_metadata.json""",phase5_metadata.json,Internal path reference,YES,YES,Direct string literal in src/modeling/phase5_final_evaluation.py
src/modeling/phase5_final_evaluation.py,639,"(""Master CSV hash unchanged"",     sha256_csv_normalised(DATA_DIR / ""master_dataset.csv"") == EXPECTED","Master CSV hash unchanged"",     sha256_csv_normalised(DATA_DIR / ""master_dataset.csv",Master dataset access,YES,YES,Direct string literal in src/modeling/phase5_final_evaluation.py
src/modeling/phase5_final_evaluation.py,640,"(""Master parquet hash unchanged"", sha256_file(DATA_DIR / ""master_dataset.parquet"") == EXPECTED_PARQ_","Master parquet hash unchanged"", sha256_file(DATA_DIR / ""master_dataset.parquet",Master dataset access,YES,YES,Direct string literal in src/modeling/phase5_final_evaluation.py
src/validation/cohort_analyzer.py,19,"def from_csv(cls, path: str = ""data/master_dataset.csv"") -> ""CohortAnalyzer"":",data/master_dataset.csv,Master dataset access,YES,YES,Direct string literal in src/validation/cohort_analyzer.py
src/validation/leakage_checker.py,22,"def from_csv(cls, path: str = ""data/master_dataset.csv"") -> ""DataLeakageChecker"":",data/master_dataset.csv,Master dataset access,YES,YES,Direct string literal in src/validation/leakage_checker.py
src/validation/pipeline.py,32,"output_path: str = ""reports/validation_strategy.md"",",reports/validation_strategy.md,Report / metric table saving,YES,YES,Direct string literal in src/validation/pipeline.py
src/validation/pipeline.py,97,"p(f""- **Files**: [`data/splits/scenario_a_random_baseline.json`](file:///{os.path.abspath('data/spli",- **Files**: [`data/splits/scenario_a_random_baseline.json`](file:///{os.path.abspath('data/splits/scenario_a_random_baseline.json,Locked split / partition access,YES,YES,Direct string literal in src/validation/pipeline.py
src/validation/pipeline.py,97,"p(f""- **Files**: [`data/splits/scenario_a_random_baseline.json`](file:///{os.path.abspath('data/spli",/')}) and [`.csv`](file:///{os.path.abspath('data/splits/scenario_a_random_baseline.csv,Locked split / partition access,YES,YES,Direct string literal in src/validation/pipeline.py
src/validation/pipeline.py,111,"p(f""- **Files**: [`data/splits/scenario_b_cohort_grouped.json`](file:///{os.path.abspath('data/split",- **Files**: [`data/splits/scenario_b_cohort_grouped.json`](file:///{os.path.abspath('data/splits/scenario_b_cohort_grouped.json,Locked split / partition access,YES,YES,Direct string literal in src/validation/pipeline.py
src/validation/pipeline.py,111,"p(f""- **Files**: [`data/splits/scenario_b_cohort_grouped.json`](file:///{os.path.abspath('data/split",/')}) and [`.csv`](file:///{os.path.abspath('data/splits/scenario_b_cohort_grouped.csv,Locked split / partition access,YES,YES,Direct string literal in src/validation/pipeline.py
src/validation/pipeline.py,128,"p(f""- **Files**: [`data/splits/scenario_c_leave_age_out.json`](file:///{os.path.abspath('data/splits",- **Files**: [`data/splits/scenario_c_leave_age_out.json`](file:///{os.path.abspath('data/splits/scenario_c_leave_age_out.json,Locked split / partition access,YES,YES,Direct string literal in src/validation/pipeline.py
src/validation/pipeline.py,128,"p(f""- **Files**: [`data/splits/scenario_c_leave_age_out.json`](file:///{os.path.abspath('data/splits",/')}) and [`.csv`](file:///{os.path.abspath('data/splits/scenario_c_leave_age_out.csv,Locked split / partition access,YES,YES,Direct string literal in src/validation/pipeline.py
src/validation/pipeline.py,244,"p(f""1. **Manifest File**: [`data/splits/splits_manifest.json`](file:///{os.path.abspath('data/splits",1. **Manifest File**: [`data/splits/splits_manifest.json`](file:///{os.path.abspath('data/splits/splits_manifest.json,Locked split / partition access,YES,YES,Direct string literal in src/validation/pipeline.py
src/validation/pipeline.py,245,"p(f""2. **Scenario A Baseline**: [`data/splits/scenario_a_random_baseline.json`](file:///{os.path.abs",2. **Scenario A Baseline**: [`data/splits/scenario_a_random_baseline.json`](file:///{os.path.abspath('data/splits/scenario_a_random_baseline.json,Locked split / partition access,YES,YES,Direct string literal in src/validation/pipeline.py
src/validation/pipeline.py,245,"p(f""2. **Scenario A Baseline**: [`data/splits/scenario_a_random_baseline.json`](file:///{os.path.abs",/')}) | [`scenario_a_random_baseline.csv`](file:///{os.path.abspath('data/splits/scenario_a_random_baseline.csv,Locked split / partition access,YES,YES,Direct string literal in src/validation/pipeline.py
src/validation/pipeline.py,246,"p(f""3. **Scenario B Cohort Split**: [`data/splits/scenario_b_cohort_grouped.json`](file:///{os.path.",3. **Scenario B Cohort Split**: [`data/splits/scenario_b_cohort_grouped.json`](file:///{os.path.abspath('data/splits/scenario_b_cohort_grouped.json,Locked split / partition access,YES,YES,Direct string literal in src/validation/pipeline.py
src/validation/pipeline.py,246,"p(f""3. **Scenario B Cohort Split**: [`data/splits/scenario_b_cohort_grouped.json`](file:///{os.path.",/')}) | [`scenario_b_cohort_grouped.csv`](file:///{os.path.abspath('data/splits/scenario_b_cohort_grouped.csv,Locked split / partition access,YES,YES,Direct string literal in src/validation/pipeline.py
src/validation/pipeline.py,247,"p(f""4. **Scenario C Temporal Folds**: [`data/splits/scenario_c_leave_age_out.json`](file:///{os.path",4. **Scenario C Temporal Folds**: [`data/splits/scenario_c_leave_age_out.json`](file:///{os.path.abspath('data/splits/scenario_c_leave_age_out.json,Locked split / partition access,YES,YES,Direct string literal in src/validation/pipeline.py
src/validation/pipeline.py,247,"p(f""4. **Scenario C Temporal Folds**: [`data/splits/scenario_c_leave_age_out.json`](file:///{os.path",/')}) | [`scenario_c_leave_age_out.csv`](file:///{os.path.abspath('data/splits/scenario_c_leave_age_out.csv,Locked split / partition access,YES,YES,Direct string literal in src/validation/pipeline.py
src/validation/pipeline.py,274,"master_df = pd.read_csv(""data/master_dataset.csv"")",data/master_dataset.csv,Master dataset access,YES,YES,Direct string literal in src/validation/pipeline.py
src/validation/pipeline.py,281,"generator = SplitGenerator(master_df, output_dir=""data/splits"")",data/splits,Locked split / partition access,YES,YES,Direct string literal in src/validation/pipeline.py
src/validation/pipeline.py,315,"output_path=""reports/validation_strategy.md"",",reports/validation_strategy.md,Report / metric table saving,YES,YES,Direct string literal in src/validation/pipeline.py
src/validation/robust_grouped_cv.py,46,"csv_path: str = ""data/master_dataset.csv"",",data/master_dataset.csv,Master dataset access,YES,YES,Direct string literal in src/validation/robust_grouped_cv.py
src/validation/robust_grouped_cv.py,47,"parquet_path: str = ""data/master_dataset.parquet"",",data/master_dataset.parquet,Master dataset access,YES,YES,Direct string literal in src/validation/robust_grouped_cv.py
src/validation/robust_grouped_cv.py,48,"splits_dir: str = ""data/splits"",",data/splits,Locked split / partition access,YES,YES,Direct string literal in src/validation/robust_grouped_cv.py
src/validation/robust_grouped_cv.py,168,"test_cohorts_meta.to_csv(os.path.join(self.splits_dir, ""final_test_cohorts.csv""), index=False)",final_test_cohorts.csv,Locked split / partition access,YES,YES,Direct string literal in src/validation/robust_grouped_cv.py
src/validation/robust_grouped_cv.py,179,"dev_cohorts_meta.to_csv(os.path.join(self.splits_dir, ""development_cohorts.csv""), index=False)",development_cohorts.csv,Locked split / partition access,YES,YES,Direct string literal in src/validation/robust_grouped_cv.py
src/validation/robust_grouped_cv.py,182,"test_rows.to_csv(os.path.join(self.splits_dir, ""final_test_rows.csv""), index=False)",final_test_rows.csv,Locked split / partition access,YES,YES,Direct string literal in src/validation/robust_grouped_cv.py
src/validation/robust_grouped_cv.py,185,"dev_rows.to_csv(os.path.join(self.splits_dir, ""development_rows.csv""), index=False)",development_rows.csv,Locked split / partition access,YES,YES,Direct string literal in src/validation/robust_grouped_cv.py
src/validation/robust_grouped_cv.py,247,"cv_export.to_csv(os.path.join(self.splits_dir, ""grouped_cv_assignments.csv""), index=False)",grouped_cv_assignments.csv,Internal path reference,YES,YES,Direct string literal in src/validation/robust_grouped_cv.py
src/validation/robust_grouped_cv.py,304,"assignments_df.to_csv(os.path.join(self.splits_dir, ""leave_age_out_assignments.csv""), index=False)",leave_age_out_assignments.csv,Internal path reference,YES,YES,Direct string literal in src/validation/robust_grouped_cv.py
src/validation/robust_grouped_cv.py,421,"output_path: str = ""reports/validation_strategy_v3_1.md"",",reports/validation_strategy_v3_1.md,Report / metric table saving,YES,YES,Direct string literal in src/validation/robust_grouped_cv.py
src/validation/robust_grouped_cv.py,444,"p(f""- **Master Dataset CSV**: [`data/master_dataset.csv`](file:///{os.path.abspath('data/master_data",- **Master Dataset CSV**: [`data/master_dataset.csv`](file:///{os.path.abspath('data/master_dataset.csv,Master dataset access,YES,YES,Direct string literal in src/validation/robust_grouped_cv.py
src/validation/robust_grouped_cv.py,445,"p(f""- **Master Dataset Parquet**: [`data/master_dataset.parquet`](file:///{os.path.abspath('data/mas",- **Master Dataset Parquet**: [`data/master_dataset.parquet`](file:///{os.path.abspath('data/master_dataset.parquet,Master dataset access,YES,YES,Direct string literal in src/validation/robust_grouped_cv.py
src/validation/robust_grouped_cv.py,531,"p(""- **Files**: [`data/splits/final_test_cohorts.csv`](file:///{os.path.abspath('data/splits/final_t",- **Files**: [`data/splits/final_test_cohorts.csv`](file:///{os.path.abspath('data/splits/final_test_cohorts.csv,Locked split / partition access,YES,YES,Direct string literal in src/validation/robust_grouped_cv.py
src/validation/robust_grouped_cv.py,531,"p(""- **Files**: [`data/splits/final_test_cohorts.csv`](file:///{os.path.abspath('data/splits/final_t",/')}) and [`data/splits/final_test_rows.csv`](file:///{os.path.abspath('data/splits/final_test_rows.csv,Locked split / partition access,YES,YES,Direct string literal in src/validation/robust_grouped_cv.py
src/validation/robust_grouped_cv.py,544,"p(""- **Files**: [`data/splits/development_cohorts.csv`](file:///{os.path.abspath('data/splits/develo",- **Files**: [`data/splits/development_cohorts.csv`](file:///{os.path.abspath('data/splits/development_cohorts.csv,Locked split / partition access,YES,YES,Direct string literal in src/validation/robust_grouped_cv.py
src/validation/robust_grouped_cv.py,544,"p(""- **Files**: [`data/splits/development_cohorts.csv`](file:///{os.path.abspath('data/splits/develo",/')}) and [`data/splits/development_rows.csv`](file:///{os.path.abspath('data/splits/development_rows.csv,Locked split / partition access,YES,YES,Direct string literal in src/validation/robust_grouped_cv.py
src/validation/robust_grouped_cv.py,554,"p(f""- **File**: [`data/splits/leave_age_out_assignments.csv`](file:///{os.path.abspath('data/splits/",- **File**: [`data/splits/leave_age_out_assignments.csv`](file:///{os.path.abspath('data/splits/leave_age_out_assignments.csv,Locked split / partition access,YES,YES,Direct string literal in src/validation/robust_grouped_cv.py
src/validation/robust_grouped_cv.py,630,"p(""All partition files have been deterministically generated using `random_state = 42` and saved und",data/splits,Locked split / partition access,YES,YES,Direct string literal in src/validation/robust_grouped_cv.py
src/validation/robust_grouped_cv.py,632,"p(f""1. **`final_test_cohorts.csv`**: [`data/splits/final_test_cohorts.csv`](file:///{os.path.abspath",1. **`final_test_cohorts.csv`**: [`data/splits/final_test_cohorts.csv`](file:///{os.path.abspath('data/splits/final_test_cohorts.csv,Locked split / partition access,YES,YES,Direct string literal in src/validation/robust_grouped_cv.py
src/validation/robust_grouped_cv.py,633,"p(f""2. **`development_cohorts.csv`**: [`data/splits/development_cohorts.csv`](file:///{os.path.abspa",2. **`development_cohorts.csv`**: [`data/splits/development_cohorts.csv`](file:///{os.path.abspath('data/splits/development_cohorts.csv,Locked split / partition access,YES,YES,Direct string literal in src/validation/robust_grouped_cv.py
src/validation/robust_grouped_cv.py,634,"p(f""3. **`final_test_rows.csv`**: [`data/splits/final_test_rows.csv`](file:///{os.path.abspath('data",3. **`final_test_rows.csv`**: [`data/splits/final_test_rows.csv`](file:///{os.path.abspath('data/splits/final_test_rows.csv,Locked split / partition access,YES,YES,Direct string literal in src/validation/robust_grouped_cv.py
src/validation/robust_grouped_cv.py,635,"p(f""4. **`development_rows.csv`**: [`data/splits/development_rows.csv`](file:///{os.path.abspath('da",4. **`development_rows.csv`**: [`data/splits/development_rows.csv`](file:///{os.path.abspath('data/splits/development_rows.csv,Locked split / partition access,YES,YES,Direct string literal in src/validation/robust_grouped_cv.py
src/validation/robust_grouped_cv.py,636,"p(f""5. **`grouped_cv_assignments.csv`**: [`data/splits/grouped_cv_assignments.csv`](file:///{os.path",5. **`grouped_cv_assignments.csv`**: [`data/splits/grouped_cv_assignments.csv`](file:///{os.path.abspath('data/splits/grouped_cv_assignments.csv,Locked split / partition access,YES,YES,Direct string literal in src/validation/robust_grouped_cv.py
src/validation/robust_grouped_cv.py,637,"p(f""6. **`leave_age_out_assignments.csv`**: [`data/splits/leave_age_out_assignments.csv`](file:///{o",6. **`leave_age_out_assignments.csv`**: [`data/splits/leave_age_out_assignments.csv`](file:///{os.path.abspath('data/splits/leave_age_out_assignments.csv,Locked split / partition access,YES,YES,Direct string literal in src/validation/robust_grouped_cv.py
src/validation/robust_grouped_cv.py,716,"output_path=""reports/validation_strategy_v3_1.md"",",reports/validation_strategy_v3_1.md,Report / metric table saving,YES,YES,Direct string literal in src/validation/robust_grouped_cv.py
src/validation/split_generator.py,19,"def __init__(self, data: pd.DataFrame, output_dir: str = ""data/splits""):",data/splits,Locked split / partition access,YES,YES,Direct string literal in src/validation/split_generator.py
src/validation/split_generator.py,25,"def from_csv(cls, path: str = ""data/master_dataset.csv"", output_dir: str = ""data/splits"") -> ""SplitG",data/master_dataset.csv,Master dataset access,YES,YES,Direct string literal in src/validation/split_generator.py
src/validation/split_generator.py,25,"def from_csv(cls, path: str = ""data/master_dataset.csv"", output_dir: str = ""data/splits"") -> ""SplitG",data/splits,Locked split / partition access,YES,YES,Direct string literal in src/validation/split_generator.py
src/validation/split_generator.py,227,"with open(os.path.join(self.output_dir, ""scenario_a_random_baseline.json""), ""w"", encoding=""utf-8"") a",scenario_a_random_baseline.json,Internal path reference,YES,YES,Direct string literal in src/validation/split_generator.py
src/validation/split_generator.py,230,"with open(os.path.join(self.output_dir, ""scenario_b_cohort_grouped.json""), ""w"", encoding=""utf-8"") as",scenario_b_cohort_grouped.json,Internal path reference,YES,YES,Direct string literal in src/validation/split_generator.py
src/validation/split_generator.py,233,"with open(os.path.join(self.output_dir, ""scenario_c_leave_age_out.json""), ""w"", encoding=""utf-8"") as ",scenario_c_leave_age_out.json,Internal path reference,YES,YES,Direct string literal in src/validation/split_generator.py
src/validation/split_generator.py,240,"df_a.to_csv(os.path.join(self.output_dir, ""scenario_a_random_baseline.csv""), index=False)",scenario_a_random_baseline.csv,Internal path reference,YES,YES,Direct string literal in src/validation/split_generator.py
src/validation/split_generator.py,245,"df_b.to_csv(os.path.join(self.output_dir, ""scenario_b_cohort_grouped.csv""), index=False)",scenario_b_cohort_grouped.csv,Internal path reference,YES,YES,Direct string literal in src/validation/split_generator.py
src/validation/split_generator.py,252,"df_c.to_csv(os.path.join(self.output_dir, ""scenario_c_leave_age_out.csv""), index=False)",scenario_c_leave_age_out.csv,Internal path reference,YES,YES,Direct string literal in src/validation/split_generator.py
src/validation/split_generator.py,256,"""source_dataset"": ""data/master_dataset.csv"",","source_dataset"": ""data/master_dataset.csv",Master dataset access,YES,YES,Direct string literal in src/validation/split_generator.py
src/validation/split_generator.py,261,"""file_json"": ""data/splits/scenario_a_random_baseline.json"",","file_json"": ""data/splits/scenario_a_random_baseline.json",Locked split / partition access,YES,YES,Direct string literal in src/validation/split_generator.py
src/validation/split_generator.py,262,"""file_csv"": ""data/splits/scenario_a_random_baseline.csv"",","file_csv"": ""data/splits/scenario_a_random_baseline.csv",Locked split / partition access,YES,YES,Direct string literal in src/validation/split_generator.py
src/validation/split_generator.py,267,"""file_json"": ""data/splits/scenario_b_cohort_grouped.json"",","file_json"": ""data/splits/scenario_b_cohort_grouped.json",Locked split / partition access,YES,YES,Direct string literal in src/validation/split_generator.py
src/validation/split_generator.py,268,"""file_csv"": ""data/splits/scenario_b_cohort_grouped.csv"",","file_csv"": ""data/splits/scenario_b_cohort_grouped.csv",Locked split / partition access,YES,YES,Direct string literal in src/validation/split_generator.py
src/validation/split_generator.py,276,"""file_json"": ""data/splits/scenario_c_leave_age_out.json"",","file_json"": ""data/splits/scenario_c_leave_age_out.json",Locked split / partition access,YES,YES,Direct string literal in src/validation/split_generator.py
src/validation/split_generator.py,277,"""file_csv"": ""data/splits/scenario_c_leave_age_out.csv"",","file_csv"": ""data/splits/scenario_c_leave_age_out.csv",Locked split / partition access,YES,YES,Direct string literal in src/validation/split_generator.py
src/validation/split_generator.py,284,"with open(os.path.join(self.output_dir, ""splits_manifest.json""), ""w"", encoding=""utf-8"") as f:",splits_manifest.json,Locked split / partition access,YES,YES,Direct string literal in src/validation/split_generator.py
src/validation/test_validation.py,29,"cls.df = pd.read_csv(""data/master_dataset.csv"")",data/master_dataset.csv,Master dataset access,YES,YES,Direct string literal in src/validation/test_validation.py
src/validation/test_validation.py,55,"gen = SplitGenerator(self.df, output_dir=""data/splits"")",data/splits,Locked split / partition access,YES,YES,Direct string literal in src/validation/test_validation.py
src/validation/test_validation_v3_1.py,30,"csv_hash = calculate_sha256(""data/master_dataset.csv"")",data/master_dataset.csv,Master dataset access,YES,YES,Direct string literal in src/validation/test_validation_v3_1.py
src/validation/test_validation_v3_1.py,31,"parquet_hash = calculate_sha256(""data/master_dataset.parquet"")",data/master_dataset.parquet,Master dataset access,YES,YES,Direct string literal in src/validation/test_validation_v3_1.py
src/validation/test_validation_v3_1.py,36,"df = pd.read_csv(""data/master_dataset.csv"")",data/master_dataset.csv,Master dataset access,YES,YES,Direct string literal in src/validation/test_validation_v3_1.py
src/validation/test_validation_v3_1.py,52,"test_cohorts_df = pd.read_csv(""data/splits/final_test_cohorts.csv"")",data/splits/final_test_cohorts.csv,Locked split / partition access,YES,YES,Direct string literal in src/validation/test_validation_v3_1.py
src/validation/test_validation_v3_1.py,53,"dev_cohorts_df = pd.read_csv(""data/splits/development_cohorts.csv"")",data/splits/development_cohorts.csv,Locked split / partition access,YES,YES,Direct string literal in src/validation/test_validation_v3_1.py
src/validation/test_validation_v3_1.py,54,"test_rows_df = pd.read_csv(""data/splits/final_test_rows.csv"")",data/splits/final_test_rows.csv,Locked split / partition access,YES,YES,Direct string literal in src/validation/test_validation_v3_1.py
src/validation/test_validation_v3_1.py,55,"dev_rows_df = pd.read_csv(""data/splits/development_rows.csv"")",data/splits/development_rows.csv,Locked split / partition access,YES,YES,Direct string literal in src/validation/test_validation_v3_1.py
src/validation/test_validation_v3_1.py,73,"cv_df = pd.read_csv(""data/splits/grouped_cv_assignments.csv"")",data/splits/grouped_cv_assignments.csv,Locked split / partition access,YES,YES,Direct string literal in src/validation/test_validation_v3_1.py
src/validation/test_validation_v3_1.py,90,"lao_df = pd.read_csv(""data/splits/leave_age_out_assignments.csv"")",data/splits/leave_age_out_assignments.csv,Locked split / partition access,YES,YES,Direct string literal in src/validation/test_validation_v3_1.py
