current_path,proposed_path,file_type,purpose,referenced_by_count,references_to_update,move_safe,dependency_risk,action,notes
.gitattributes,.gitattributes,[MISC/SUPPORT],Project support artifact,0,0,NO,High,KEEP IN PLACE (ROOT CONFIG),Standard root environment and git control manifests.
.gitignore,.gitignore,[MISC/SUPPORT],Project support artifact,0,0,NO,High,KEEP IN PLACE (ROOT CONFIG),Standard root environment and git control manifests.
debug_r2.py,archive/superseded_scripts/debug_r2.py,[SOURCE CODE],Python pipeline / model / utility script,0,0,YES,Low,ARCHIVE (STAGE B),One-off audit/debug scripts not imported by any pipeline. Safe to move to archive in Stage B.
fix_encoding.py,archive/superseded_scripts/fix_encoding.py,[SOURCE CODE],Python pipeline / model / utility script,0,0,YES,Low,ARCHIVE (STAGE B),One-off audit/debug scripts not imported by any pipeline. Safe to move to archive in Stage B.
generate_phase41_report.py,archive/superseded_scripts/generate_phase41_report.py,[SOURCE CODE],Python pipeline / model / utility script,0,0,YES,Low,ARCHIVE (STAGE B),One-off audit/debug scripts not imported by any pipeline. Safe to move to archive in Stage B.
README.md,README.md,[DOCUMENTATION],Markdown documentation / research report,0,0,NO,High,KEEP IN PLACE (ROOT CONFIG),Standard root environment and git control manifests.
requirements.txt,requirements.txt,[DOCUMENTATION],Project support artifact,0,0,NO,High,KEEP IN PLACE (ROOT CONFIG),Standard root environment and git control manifests.
verify_phase41.py,archive/superseded_scripts/verify_phase41.py,[SOURCE CODE],Python pipeline / model / utility script,0,0,YES,Low,ARCHIVE (STAGE B),One-off audit/debug scripts not imported by any pipeline. Safe to move to archive in Stage B.
data/.gitkeep,data/.gitkeep,[DATA],Project support artifact,0,0,NO,Low,KEEP IN PLACE,Support artifact
data/C Strenth Reading 1000000.xlsx,data/C Strenth Reading 1000000.xlsx,[DATA],Raw experimental Excel laboratory workbook,8,0,NO,Critical,KEEP IN PLACE (CANONICAL),Canonical ground truth / locked split. Zero-move policy strictly enforced.
data/F Strength Reading 1000000.xlsx,data/F Strength Reading 1000000.xlsx,[DATA],Raw experimental Excel laboratory workbook,8,0,NO,Critical,KEEP IN PLACE (CANONICAL),Canonical ground truth / locked split. Zero-move policy strictly enforced.
data/master_dataset.csv,data/master_dataset.csv,[DATA],"Canonical master dataset (CSV format, 3,600 rows, 16 columns)",11,0,NO,Critical,KEEP IN PLACE (CANONICAL),Canonical ground truth / locked split. Zero-move policy strictly enforced.
data/master_dataset.parquet,data/master_dataset.parquet,[DATA],"Canonical master dataset (Parquet format, 3,600 rows, 16 columns)",5,0,NO,Critical,KEEP IN PLACE (CANONICAL),Canonical ground truth / locked split. Zero-move policy strictly enforced.
data/T Strenth Reading 1000000.xlsx,data/T Strenth Reading 1000000.xlsx,[DATA],Raw experimental Excel laboratory workbook,8,0,NO,Critical,KEEP IN PLACE (CANONICAL),Canonical ground truth / locked split. Zero-move policy strictly enforced.
data/splits/development_cohorts.csv,data/splits/development_cohorts.csv,[DATA],Manifest of the 28 development cohorts,2,0,NO,Critical,KEEP IN PLACE (CANONICAL),Canonical ground truth / locked split. Zero-move policy strictly enforced.
data/splits/development_rows.csv,data/splits/development_rows.csv,[DATA],"Development partition (2,800 specimens, 28 cohorts)",6,0,NO,Critical,KEEP IN PLACE (CANONICAL),Canonical ground truth / locked split. Zero-move policy strictly enforced.
data/splits/final_test_cohorts.csv,data/splits/final_test_cohorts.csv,[DATA],Manifest of the 8 locked test cohorts,2,0,NO,Critical,KEEP IN PLACE (CANONICAL),Canonical ground truth / locked split. Zero-move policy strictly enforced.
data/splits/final_test_rows.csv,data/splits/final_test_rows.csv,[DATA],Permanently locked 800-specimen test partition,4,0,NO,Critical,KEEP IN PLACE (CANONICAL),Canonical ground truth / locked split. Zero-move policy strictly enforced.
data/splits/grouped_cv_assignments.csv,data/splits/grouped_cv_assignments.csv,[DATA],5-fold GroupKFold cohort cross-validation assignments,4,0,NO,Critical,KEEP IN PLACE (CANONICAL),Canonical ground truth / locked split. Zero-move policy strictly enforced.
data/splits/leave_age_out_assignments.csv,data/splits/leave_age_out_assignments.csv,[DATA],Leave-one-curing-age-out CV assignments,2,0,NO,Critical,KEEP IN PLACE (CANONICAL),Canonical ground truth / locked split. Zero-move policy strictly enforced.
data/splits/scenario_a_random_baseline.csv,data/splits/scenario_a_random_baseline.csv,[DATA],Tabular dataset / metric comparison table,2,0,NO,Critical,KEEP IN PLACE (CANONICAL),Canonical ground truth / locked split. Zero-move policy strictly enforced.
data/splits/scenario_a_random_baseline.json,data/splits/scenario_a_random_baseline.json,[DATA],Structured JSON configuration / metadata file,2,0,NO,Critical,KEEP IN PLACE (CANONICAL),Canonical ground truth / locked split. Zero-move policy strictly enforced.
data/splits/scenario_b_cohort_grouped.csv,data/splits/scenario_b_cohort_grouped.csv,[DATA],Tabular dataset / metric comparison table,2,0,NO,Critical,KEEP IN PLACE (CANONICAL),Canonical ground truth / locked split. Zero-move policy strictly enforced.
data/splits/scenario_b_cohort_grouped.json,data/splits/scenario_b_cohort_grouped.json,[DATA],Structured JSON configuration / metadata file,2,0,NO,Critical,KEEP IN PLACE (CANONICAL),Canonical ground truth / locked split. Zero-move policy strictly enforced.
data/splits/scenario_c_leave_age_out.csv,data/splits/scenario_c_leave_age_out.csv,[DATA],Tabular dataset / metric comparison table,2,0,NO,Critical,KEEP IN PLACE (CANONICAL),Canonical ground truth / locked split. Zero-move policy strictly enforced.
data/splits/scenario_c_leave_age_out.json,data/splits/scenario_c_leave_age_out.json,[DATA],Structured JSON configuration / metadata file,2,0,NO,Critical,KEEP IN PLACE (CANONICAL),Canonical ground truth / locked split. Zero-move policy strictly enforced.
data/splits/splits_manifest.json,data/splits/splits_manifest.json,[DATA],Structured JSON configuration / metadata file,2,0,NO,Critical,KEEP IN PLACE (CANONICAL),Canonical ground truth / locked split. Zero-move policy strictly enforced.
data/tabpfn_concrete_v1/README.md,data/tabpfn_concrete_v1/README.md,[DOCUMENTATION],Markdown documentation / research report,0,0,NO,High,KEEP IN PLACE (CANONICAL),Feature-engineered TabPFN dataset partition. Hardcoded in evaluation scripts.
data/tabpfn_concrete_v1/tabpfn_concrete_master_copy.csv,archive/duplicate_data/tabpfn_concrete_master_copy.csv,[DATA],Tabular dataset / metric comparison table,0,0,YES,Low,ARCHIVE (STAGE B),Exact duplicate of master dataset. Unreferenced by active code.
data/tabpfn_concrete_v1/tabpfn_concrete_master_copy.parquet,archive/duplicate_data/tabpfn_concrete_master_copy.parquet,[DATA],Project support artifact,0,0,YES,Low,ARCHIVE (STAGE B),Exact duplicate of master dataset. Unreferenced by active code.
data/tabpfn_concrete_v1/tabpfn_concrete_model.csv,data/tabpfn_concrete_v1/tabpfn_concrete_model.csv,[DATA],Tabular dataset / metric comparison table,3,0,NO,High,KEEP IN PLACE (CANONICAL),Feature-engineered TabPFN dataset partition. Hardcoded in evaluation scripts.
data/tabpfn_concrete_v1/tabpfn_concrete_model.parquet,data/tabpfn_concrete_v1/tabpfn_concrete_model.parquet,[DATA],Project support artifact,0,0,NO,High,KEEP IN PLACE (CANONICAL),Feature-engineered TabPFN dataset partition. Hardcoded in evaluation scripts.
data/tabpfn_concrete_v1/tabpfn_feature_dictionary.csv,data/tabpfn_concrete_v1/tabpfn_feature_dictionary.csv,[DATA],Tabular dataset / metric comparison table,0,0,NO,High,KEEP IN PLACE (CANONICAL),Feature-engineered TabPFN dataset partition. Hardcoded in evaluation scripts.
models/tabpfn-v2.5-regressor-v2.5_real.ckpt,models/tabpfn-v2.5-regressor-v2.5_real.ckpt,[MODEL BINARY],Pretrained TabPFN v2.5 foundation model weights,3,0,NO,High,KEEP IN PLACE,TabPFN base model weights and LFS pointer. Directly loaded by all TabPFN pipelines.
models/tabpfn-v2.5-regressor-v2.5_real.ckpt.lfs_ptr,models/tabpfn-v2.5-regressor-v2.5_real.ckpt.lfs_ptr,[CONFIGURATION],Git LFS pointer file for base TabPFN checkpoint,0,0,NO,High,KEEP IN PLACE,TabPFN base model weights and LFS pointer. Directly loaded by all TabPFN pipelines.
notebooks/.gitkeep,notebooks/.gitkeep,[MISC/SUPPORT],Project support artifact,0,0,NO,Low,KEEP IN PLACE,Support artifact
reports/baseline_modeling_report.md,reports/baseline_modeling_report.md,[REPORT],Markdown documentation / research report,1,0,NO,Medium,KEEP IN PLACE,"Linked in handoffs, audits, and README. Markdown links would require updating if moved."
reports/baseline_model_comparison.csv,reports/baseline_model_comparison.csv,[METRICS],Tabular dataset / metric comparison table,3,0,NO,Medium,KEEP IN PLACE,"Linked in handoffs, audits, and README. Markdown links would require updating if moved."
reports/current_project_state_handoff.md,reports/current_project_state_handoff.md,[REPORT],Markdown documentation / research report,0,0,NO,Medium,KEEP IN PLACE,"Linked in handoffs, audits, and README. Markdown links would require updating if moved."
reports/dataset_audit.md,reports/dataset_audit.md,[REPORT],Markdown documentation / research report,1,0,NO,Medium,KEEP IN PLACE,"Linked in handoffs, audits, and README. Markdown links would require updating if moved."
reports/dataset_schema.csv,reports/dataset_schema.csv,[METRICS],Tabular dataset / metric comparison table,3,0,NO,Medium,KEEP IN PLACE,"Linked in handoffs, audits, and README. Markdown links would require updating if moved."
reports/eda_report.md,reports/eda_report.md,[REPORT],Markdown documentation / research report,1,0,NO,Medium,KEEP IN PLACE,"Linked in handoffs, audits, and README. Markdown links would require updating if moved."
reports/final_model_audit_run2.md,reports/final_model_audit_run2.md,[REPORT],Markdown documentation / research report,0,0,NO,Medium,KEEP IN PLACE,"Linked in handoffs, audits, and README. Markdown links would require updating if moved."
reports/final_phase5_scientific_audit.md,reports/final_phase5_scientific_audit.md,[REPORT],Markdown documentation / research report,0,0,NO,Medium,KEEP IN PLACE,"Linked in handoffs, audits, and README. Markdown links would require updating if moved."
reports/master_dataset_design.md,reports/master_dataset_design.md,[REPORT],Markdown documentation / research report,2,0,NO,Medium,KEEP IN PLACE,"Linked in handoffs, audits, and README. Markdown links would require updating if moved."
reports/master_dataset_schema.csv,reports/master_dataset_schema.csv,[METRICS],Tabular dataset / metric comparison table,1,0,NO,Medium,KEEP IN PLACE,"Linked in handoffs, audits, and README. Markdown links would require updating if moved."
reports/master_dataset_validation.md,reports/master_dataset_validation.md,[REPORT],Markdown documentation / research report,1,0,NO,Medium,KEEP IN PLACE,"Linked in handoffs, audits, and README. Markdown links would require updating if moved."
reports/phase5_final_evaluation_report.md,reports/phase5_final_evaluation_report.md,[REPORT],Markdown documentation / research report,0,0,NO,Medium,KEEP IN PLACE,"Linked in handoffs, audits, and README. Markdown links would require updating if moved."
reports/project_state_handoff.md,reports/project_state_handoff.md,[REPORT],Markdown documentation / research report,0,0,NO,Medium,KEEP IN PLACE,"Linked in handoffs, audits, and README. Markdown links would require updating if moved."
reports/sheets_raw_overview.txt,reports/sheets_raw_overview.txt,[REPORT],Project support artifact,0,0,NO,Medium,KEEP IN PLACE,"Linked in handoffs, audits, and README. Markdown links would require updating if moved."
reports/tabpfn_data_integrity_report.md,reports/tabpfn_data_integrity_report.md,[REPORT],Markdown documentation / research report,0,0,NO,Medium,KEEP IN PLACE,"Linked in handoffs, audits, and README. Markdown links would require updating if moved."
reports/tabpfn_feature_engineering.md,reports/tabpfn_feature_engineering.md,[REPORT],Markdown documentation / research report,0,0,NO,Medium,KEEP IN PLACE,"Linked in handoffs, audits, and README. Markdown links would require updating if moved."
reports/tabpfn_finetuned_evaluation_report_run2.md,reports/tabpfn_finetuned_evaluation_report_run2.md,[REPORT],Markdown documentation / research report,0,0,NO,Medium,KEEP IN PLACE,"Linked in handoffs, audits, and README. Markdown links would require updating if moved."
reports/tabpfn_finetuned_model_comparison_run2.csv,reports/tabpfn_finetuned_model_comparison_run2.csv,[METRICS],Tabular dataset / metric comparison table,1,0,NO,Medium,KEEP IN PLACE,"Linked in handoffs, audits, and README. Markdown links would require updating if moved."
reports/tabpfn_model_comparison.csv,reports/tabpfn_model_comparison.csv,[METRICS],Tabular dataset / metric comparison table,1,0,NO,Medium,KEEP IN PLACE,"Linked in handoffs, audits, and README. Markdown links would require updating if moved."
reports/tabpfn_training_report.md,reports/tabpfn_training_report.md,[REPORT],Markdown documentation / research report,0,0,NO,Medium,KEEP IN PLACE,"Linked in handoffs, audits, and README. Markdown links would require updating if moved."
reports/validation_strategy.md,reports/validation_strategy.md,[REPORT],Markdown documentation / research report,1,0,NO,Medium,KEEP IN PLACE,"Linked in handoffs, audits, and README. Markdown links would require updating if moved."
reports/validation_strategy_v3_1.md,reports/validation_strategy_v3_1.md,[REPORT],Markdown documentation / research report,1,0,NO,Medium,KEEP IN PLACE,"Linked in handoffs, audits, and README. Markdown links would require updating if moved."
reports/figures/01_target_distribution_compressive.png,reports/figures/01_target_distribution_compressive.png,[FIGURE],Diagnostic / evaluation visualization plot,1,0,NO,Medium,KEEP IN PLACE,Referenced by markdown image tags across reports.
reports/figures/02_target_distribution_flexural.png,reports/figures/02_target_distribution_flexural.png,[FIGURE],Diagnostic / evaluation visualization plot,1,0,NO,Medium,KEEP IN PLACE,Referenced by markdown image tags across reports.
reports/figures/03_target_distribution_split_tensile.png,reports/figures/03_target_distribution_split_tensile.png,[FIGURE],Diagnostic / evaluation visualization plot,1,0,NO,Medium,KEEP IN PLACE,Referenced by markdown image tags across reports.
reports/figures/04_age_effect_compressive.png,reports/figures/04_age_effect_compressive.png,[FIGURE],Diagnostic / evaluation visualization plot,1,0,NO,Medium,KEEP IN PLACE,Referenced by markdown image tags across reports.
reports/figures/05_age_effect_flexural.png,reports/figures/05_age_effect_flexural.png,[FIGURE],Diagnostic / evaluation visualization plot,1,0,NO,Medium,KEEP IN PLACE,Referenced by markdown image tags across reports.
reports/figures/06_age_effect_split_tensile.png,reports/figures/06_age_effect_split_tensile.png,[FIGURE],Diagnostic / evaluation visualization plot,1,0,NO,Medium,KEEP IN PLACE,Referenced by markdown image tags across reports.
reports/figures/07_boxplots_compressive.png,reports/figures/07_boxplots_compressive.png,[FIGURE],Diagnostic / evaluation visualization plot,1,0,NO,Medium,KEEP IN PLACE,Referenced by markdown image tags across reports.
reports/figures/08_boxplots_flexural.png,reports/figures/08_boxplots_flexural.png,[FIGURE],Diagnostic / evaluation visualization plot,1,0,NO,Medium,KEEP IN PLACE,Referenced by markdown image tags across reports.
reports/figures/09_boxplots_split_tensile.png,reports/figures/09_boxplots_split_tensile.png,[FIGURE],Diagnostic / evaluation visualization plot,1,0,NO,Medium,KEEP IN PLACE,Referenced by markdown image tags across reports.
reports/figures/10_correlation_heatmap.png,reports/figures/10_correlation_heatmap.png,[FIGURE],Diagnostic / evaluation visualization plot,1,0,NO,Medium,KEEP IN PLACE,Referenced by markdown image tags across reports.
reports/figures/11_outliers_iqr.png,reports/figures/11_outliers_iqr.png,[FIGURE],Diagnostic / evaluation visualization plot,1,0,NO,Medium,KEEP IN PLACE,Referenced by markdown image tags across reports.
reports/figures/baseline_mae_bacterial_vs_normal.png,reports/figures/baseline_mae_bacterial_vs_normal.png,[FIGURE],Diagnostic / evaluation visualization plot,1,0,NO,Medium,KEEP IN PLACE,Referenced by markdown image tags across reports.
reports/figures/baseline_mae_by_age.png,reports/figures/baseline_mae_by_age.png,[FIGURE],Diagnostic / evaluation visualization plot,1,0,NO,Medium,KEEP IN PLACE,Referenced by markdown image tags across reports.
reports/figures/baseline_mae_heatmap.png,reports/figures/baseline_mae_heatmap.png,[FIGURE],Diagnostic / evaluation visualization plot,0,0,NO,Medium,KEEP IN PLACE,Referenced by markdown image tags across reports.
reports/figures/baseline_mae_separate.png,reports/figures/baseline_mae_separate.png,[FIGURE],Diagnostic / evaluation visualization plot,1,0,NO,Medium,KEEP IN PLACE,Referenced by markdown image tags across reports.
reports/figures/baseline_pred_vs_actual.png,reports/figures/baseline_pred_vs_actual.png,[FIGURE],Diagnostic / evaluation visualization plot,1,0,NO,Medium,KEEP IN PLACE,Referenced by markdown image tags across reports.
reports/figures/baseline_r2_comparison.png,reports/figures/baseline_r2_comparison.png,[FIGURE],Diagnostic / evaluation visualization plot,1,0,NO,Medium,KEEP IN PLACE,Referenced by markdown image tags across reports.
reports/figures/baseline_r2_heatmap.png,reports/figures/baseline_r2_heatmap.png,[FIGURE],Diagnostic / evaluation visualization plot,0,0,NO,Medium,KEEP IN PLACE,Referenced by markdown image tags across reports.
reports/figures/baseline_residuals.png,reports/figures/baseline_residuals.png,[FIGURE],Diagnostic / evaluation visualization plot,1,0,NO,Medium,KEEP IN PLACE,Referenced by markdown image tags across reports.
reports/figures/baseline_rmse_heatmap.png,reports/figures/baseline_rmse_heatmap.png,[FIGURE],Diagnostic / evaluation visualization plot,0,0,NO,Medium,KEEP IN PLACE,Referenced by markdown image tags across reports.
reports/figures/phase5/phase5_cohort_mae.png,reports/figures/phase5/phase5_cohort_mae.png,[FIGURE],Diagnostic / evaluation visualization plot,1,0,NO,Medium,KEEP IN PLACE,Referenced by markdown image tags across reports.
reports/figures/phase5/phase5_error_by_concrete_type.png,reports/figures/phase5/phase5_error_by_concrete_type.png,[FIGURE],Diagnostic / evaluation visualization plot,1,0,NO,Medium,KEEP IN PLACE,Referenced by markdown image tags across reports.
reports/figures/phase5/phase5_oof_vs_test_comparison.png,reports/figures/phase5/phase5_oof_vs_test_comparison.png,[FIGURE],Diagnostic / evaluation visualization plot,1,0,NO,Medium,KEEP IN PLACE,Referenced by markdown image tags across reports.
reports/figures/phase5/phase5_parity_plots.png,reports/figures/phase5/phase5_parity_plots.png,[FIGURE],Diagnostic / evaluation visualization plot,1,0,NO,Medium,KEEP IN PLACE,Referenced by markdown image tags across reports.
reports/figures/phase5/phase5_residual_distributions.png,reports/figures/phase5/phase5_residual_distributions.png,[FIGURE],Diagnostic / evaluation visualization plot,1,0,NO,Medium,KEEP IN PLACE,Referenced by markdown image tags across reports.
reports/figures/tabpfn_finetuned_run2/actual_vs_pred_compressive.png,reports/figures/tabpfn_finetuned_run2/actual_vs_pred_compressive.png,[FIGURE],Diagnostic / evaluation visualization plot,1,0,NO,Medium,KEEP IN PLACE,Referenced by markdown image tags across reports.
reports/figures/tabpfn_finetuned_run2/actual_vs_pred_flexural.png,reports/figures/tabpfn_finetuned_run2/actual_vs_pred_flexural.png,[FIGURE],Diagnostic / evaluation visualization plot,1,0,NO,Medium,KEEP IN PLACE,Referenced by markdown image tags across reports.
reports/figures/tabpfn_finetuned_run2/actual_vs_pred_split_tensile.png,reports/figures/tabpfn_finetuned_run2/actual_vs_pred_split_tensile.png,[FIGURE],Diagnostic / evaluation visualization plot,1,0,NO,Medium,KEEP IN PLACE,Referenced by markdown image tags across reports.
reports/figures/tabpfn_finetuned_run2/fold_wise_mae.png,reports/figures/tabpfn_finetuned_run2/fold_wise_mae.png,[FIGURE],Diagnostic / evaluation visualization plot,1,0,NO,Medium,KEEP IN PLACE,Referenced by markdown image tags across reports.
reports/figures/tabpfn_finetuned_run2/mae_vs_curing_age.png,reports/figures/tabpfn_finetuned_run2/mae_vs_curing_age.png,[FIGURE],Diagnostic / evaluation visualization plot,1,0,NO,Medium,KEEP IN PLACE,Referenced by markdown image tags across reports.
reports/figures/tabpfn_finetuned_run2/prediction_error_vs_curing_age.png,reports/figures/tabpfn_finetuned_run2/prediction_error_vs_curing_age.png,[PREDICTION ARTIFACT],Diagnostic / evaluation visualization plot,1,0,NO,Medium,KEEP IN PLACE,Referenced by markdown image tags across reports.
reports/figures/tabpfn_finetuned_run2/pretrained_vs_finetuned_mae.png,reports/figures/tabpfn_finetuned_run2/pretrained_vs_finetuned_mae.png,[FIGURE],Diagnostic / evaluation visualization plot,1,0,NO,Medium,KEEP IN PLACE,Referenced by markdown image tags across reports.
reports/figures/tabpfn_finetuned_run2/residual_distribution.png,reports/figures/tabpfn_finetuned_run2/residual_distribution.png,[FIGURE],Diagnostic / evaluation visualization plot,1,0,NO,Medium,KEEP IN PLACE,Referenced by markdown image tags across reports.
results/phase4_1_run_metadata.json,results/phase4_1_run_metadata.json,[METADATA],Phase 4.1 classical baseline execution metadata,3,0,NO,Low,KEEP IN PLACE,Support artifact
results/models/tabpfn/pretrained_baseline_metadata.json,results/models/tabpfn/pretrained_baseline_metadata.json,[METADATA],Execution metadata and metric records,0,0,NO,Low,KEEP IN PLACE,Support artifact
results/models/tabpfn/tabpfn_run_metadata.json,results/models/tabpfn/tabpfn_run_metadata.json,[METADATA],Execution metadata and metric records,1,0,NO,Low,KEEP IN PLACE,Support artifact
results/models/tabpfn/tabpfn_training_config.json,results/models/tabpfn/tabpfn_training_config.json,[CONFIGURATION],Structured JSON configuration / metadata file,0,0,NO,Low,KEEP IN PLACE,Support artifact
results/models/tabpfn/fold_models_run2/fold_1/fold_1_config.json,results/models/tabpfn/fold_models_run2/fold_1/fold_1_config.json,[CONFIGURATION],Structured JSON configuration / metadata file,0,0,NO,Medium,KEEP IN PLACE,"Fine-tuned TabPFN fold weights, configs, and val predictions. Keep unified in results/models."
results/models/tabpfn/fold_models_run2/fold_1/fold_1_val_predictions.csv,results/models/tabpfn/fold_models_run2/fold_1/fold_1_val_predictions.csv,[PREDICTION ARTIFACT],Tabular dataset / metric comparison table,0,0,NO,Medium,KEEP IN PLACE,"Fine-tuned TabPFN fold weights, configs, and val predictions. Keep unified in results/models."
results/models/tabpfn/fold_models_run2/fold_2/fold_2_config.json,results/models/tabpfn/fold_models_run2/fold_2/fold_2_config.json,[CONFIGURATION],Structured JSON configuration / metadata file,0,0,NO,Medium,KEEP IN PLACE,"Fine-tuned TabPFN fold weights, configs, and val predictions. Keep unified in results/models."
results/models/tabpfn/fold_models_run2/fold_2/fold_2_val_predictions.csv,results/models/tabpfn/fold_models_run2/fold_2/fold_2_val_predictions.csv,[PREDICTION ARTIFACT],Tabular dataset / metric comparison table,0,0,NO,Medium,KEEP IN PLACE,"Fine-tuned TabPFN fold weights, configs, and val predictions. Keep unified in results/models."
results/models/tabpfn/fold_models_run2/fold_3/fold_3_config.json,results/models/tabpfn/fold_models_run2/fold_3/fold_3_config.json,[CONFIGURATION],Structured JSON configuration / metadata file,0,0,NO,Medium,KEEP IN PLACE,"Fine-tuned TabPFN fold weights, configs, and val predictions. Keep unified in results/models."
results/models/tabpfn/fold_models_run2/fold_3/fold_3_val_predictions.csv,results/models/tabpfn/fold_models_run2/fold_3/fold_3_val_predictions.csv,[PREDICTION ARTIFACT],Tabular dataset / metric comparison table,0,0,NO,Medium,KEEP IN PLACE,"Fine-tuned TabPFN fold weights, configs, and val predictions. Keep unified in results/models."
results/models/tabpfn/fold_models_run2/fold_4/fold_4_config.json,results/models/tabpfn/fold_models_run2/fold_4/fold_4_config.json,[CONFIGURATION],Structured JSON configuration / metadata file,0,0,NO,Medium,KEEP IN PLACE,"Fine-tuned TabPFN fold weights, configs, and val predictions. Keep unified in results/models."
results/models/tabpfn/fold_models_run2/fold_4/fold_4_finetuned.joblib,results/models/tabpfn/fold_models_run2/fold_4/fold_4_finetuned.joblib,[MODEL BINARY],Fine-tuned TabPFN fold model weights (serialized estimator),0,0,NO,Medium,KEEP IN PLACE,"Fine-tuned TabPFN fold weights, configs, and val predictions. Keep unified in results/models."
results/models/tabpfn/fold_models_run2/fold_4/fold_4_val_predictions.csv,results/models/tabpfn/fold_models_run2/fold_4/fold_4_val_predictions.csv,[PREDICTION ARTIFACT],Tabular dataset / metric comparison table,0,0,NO,Medium,KEEP IN PLACE,"Fine-tuned TabPFN fold weights, configs, and val predictions. Keep unified in results/models."
results/models/tabpfn/fold_models_run2/fold_5/fold_5_config.json,results/models/tabpfn/fold_models_run2/fold_5/fold_5_config.json,[CONFIGURATION],Structured JSON configuration / metadata file,0,0,NO,Medium,KEEP IN PLACE,"Fine-tuned TabPFN fold weights, configs, and val predictions. Keep unified in results/models."
results/models/tabpfn/fold_models_run2/fold_5/fold_5_finetuned.joblib,results/models/tabpfn/fold_models_run2/fold_5/fold_5_finetuned.joblib,[MODEL BINARY],Fine-tuned TabPFN fold model weights (serialized estimator),0,0,NO,Medium,KEEP IN PLACE,"Fine-tuned TabPFN fold weights, configs, and val predictions. Keep unified in results/models."
results/models/tabpfn/fold_models_run2/fold_5/fold_5_val_predictions.csv,results/models/tabpfn/fold_models_run2/fold_5/fold_5_val_predictions.csv,[PREDICTION ARTIFACT],Tabular dataset / metric comparison table,0,0,NO,Medium,KEEP IN PLACE,"Fine-tuned TabPFN fold weights, configs, and val predictions. Keep unified in results/models."
results/phase5/phase5_metadata.json,results/phase5/phase5_metadata.json,[METADATA],Phase 5 execution parameters and full metric payload,1,0,NO,Low,KEEP IN PLACE,Support artifact
results/predictions/phase4_1_cv_predictions.csv,results/predictions/phase4_1_cv_predictions.csv,[PREDICTION ARTIFACT],"Phase 4.1 classical baseline CV predictions (67,200 rows)",5,0,NO,High,KEEP IN PLACE (CANONICAL),Ground truth prediction files for all phases. Avoid moving to protect figure generation & verification.
results/predictions/phase5_final_test_predictions.csv,results/predictions/phase5_final_test_predictions.csv,[PREDICTION ARTIFACT],Phase 5 final locked-test predictions (800 rows),1,0,NO,High,KEEP IN PLACE (CANONICAL),Ground truth prediction files for all phases. Avoid moving to protect figure generation & verification.
results/predictions/tabpfn_cv_predictions.csv,results/predictions/tabpfn_cv_predictions.csv,[PREDICTION ARTIFACT],"Phase 4.2 Pretrained TabPFN CV predictions (5,600 rows)",2,0,NO,High,KEEP IN PLACE (CANONICAL),Ground truth prediction files for all phases. Avoid moving to protect figure generation & verification.
results/predictions/tabpfn_finetuned_oof_predictions_run2.csv,results/predictions/tabpfn_finetuned_oof_predictions_run2.csv,[PREDICTION ARTIFACT],"Phase 4.3 Fine-tuned TabPFN 5-fold OOF predictions (2,800 rows)",1,0,NO,High,KEEP IN PLACE (CANONICAL),Ground truth prediction files for all phases. Avoid moving to protect figure generation & verification.
results/tabpfn_finetuned_run2/metadata.json,results/tabpfn_finetuned_run2/metadata.json,[METADATA],Execution metadata and metric records,6,0,NO,Low,KEEP IN PLACE,Support artifact
src/build_and_validate_master.py,src/build_and_validate_master.py,[SOURCE CODE],Python pipeline / model / utility script,0,0,NO,High,KEEP IN PLACE,Active source modules with interdependent Python imports.
src/build_master_design_report.py,src/build_master_design_report.py,[SOURCE CODE],Python pipeline / model / utility script,0,0,NO,High,KEEP IN PLACE,Active source modules with interdependent Python imports.
src/complete_auditor.py,src/complete_auditor.py,[SOURCE CODE],Python pipeline / model / utility script,0,0,NO,High,KEEP IN PLACE,Active source modules with interdependent Python imports.
src/deep_audit.py,src/deep_audit.py,[SOURCE CODE],Python pipeline / model / utility script,0,0,NO,High,KEEP IN PLACE,Active source modules with interdependent Python imports.
src/generate_design_report.py,src/generate_design_report.py,[SOURCE CODE],Python pipeline / model / utility script,0,0,NO,High,KEEP IN PLACE,Active source modules with interdependent Python imports.
src/generate_full_audit.py,src/generate_full_audit.py,[SOURCE CODE],Python pipeline / model / utility script,0,0,NO,High,KEEP IN PLACE,Active source modules with interdependent Python imports.
src/generate_markdown_report.py,src/generate_markdown_report.py,[SOURCE CODE],Python pipeline / model / utility script,0,0,NO,High,KEEP IN PLACE,Active source modules with interdependent Python imports.
src/parse_all_sheets.py,src/parse_all_sheets.py,[SOURCE CODE],Python pipeline / model / utility script,0,0,NO,High,KEEP IN PLACE,Active source modules with interdependent Python imports.
src/perform_eda.py,src/perform_eda.py,[SOURCE CODE],Python pipeline / model / utility script,0,0,NO,High,KEEP IN PLACE,Active source modules with interdependent Python imports.
src/test_tabpfn.py,src/test_tabpfn.py,[SOURCE CODE],Python pipeline / model / utility script,0,0,NO,High,KEEP IN PLACE,Active source modules with interdependent Python imports.
src/__init__.py,src/__init__.py,[SOURCE CODE],Python pipeline / model / utility script,0,0,NO,High,KEEP IN PLACE,Active source modules with interdependent Python imports.
src/modeling/baseline_training.py,src/modeling/baseline_training.py,[SOURCE CODE],Python pipeline / model / utility script,1,0,NO,High,KEEP IN PLACE,Active source modules with interdependent Python imports.
src/modeling/evaluate_tabpfn_baselines.py,src/modeling/evaluate_tabpfn_baselines.py,[SOURCE CODE],Python pipeline / model / utility script,0,0,NO,High,KEEP IN PLACE,Active source modules with interdependent Python imports.
src/modeling/evaluate_tabpfn_finetuned_5fold.py,src/modeling/evaluate_tabpfn_finetuned_5fold.py,[SOURCE CODE],Python pipeline / model / utility script,0,0,NO,High,KEEP IN PLACE,Active source modules with interdependent Python imports.
src/modeling/phase5_final_evaluation.py,src/modeling/phase5_final_evaluation.py,[SOURCE CODE],Python pipeline / model / utility script,0,0,NO,High,KEEP IN PLACE,Active source modules with interdependent Python imports.
src/modeling/__init__.py,src/modeling/__init__.py,[SOURCE CODE],Python pipeline / model / utility script,0,0,NO,High,KEEP IN PLACE,Active source modules with interdependent Python imports.
src/modeling/__pycache__/phase5_final_evaluation.cpython-314.pyc,archive/cache/phase5_final_evaluation.cpython-314.pyc,[TEMP/DEBUG/BUILD FILES],Project support artifact,0,0,YES,None,CLEAR / REMOVE,Python bytecode cache. Ignored by git.
src/modeling/__pycache__/__init__.cpython-314.pyc,archive/cache/__init__.cpython-314.pyc,[TEMP/DEBUG/BUILD FILES],Project support artifact,0,0,YES,None,CLEAR / REMOVE,Python bytecode cache. Ignored by git.
src/validation/cohort_analyzer.py,src/validation/cohort_analyzer.py,[SOURCE CODE],Python pipeline / model / utility script,0,0,NO,High,KEEP IN PLACE,Active source modules with interdependent Python imports.
src/validation/evaluator.py,src/validation/evaluator.py,[SOURCE CODE],Python pipeline / model / utility script,0,0,NO,High,KEEP IN PLACE,Active source modules with interdependent Python imports.
src/validation/feature_policy.py,src/validation/feature_policy.py,[SOURCE CODE],Python pipeline / model / utility script,0,0,NO,High,KEEP IN PLACE,Active source modules with interdependent Python imports.
src/validation/leakage_checker.py,src/validation/leakage_checker.py,[SOURCE CODE],Python pipeline / model / utility script,0,0,NO,High,KEEP IN PLACE,Active source modules with interdependent Python imports.
src/validation/pipeline.py,src/validation/pipeline.py,[SOURCE CODE],Python pipeline / model / utility script,0,0,NO,High,KEEP IN PLACE,Active source modules with interdependent Python imports.
src/validation/robust_grouped_cv.py,src/validation/robust_grouped_cv.py,[SOURCE CODE],Python pipeline / model / utility script,0,0,NO,High,KEEP IN PLACE,Active source modules with interdependent Python imports.
src/validation/split_generator.py,src/validation/split_generator.py,[SOURCE CODE],Python pipeline / model / utility script,0,0,NO,High,KEEP IN PLACE,Active source modules with interdependent Python imports.
src/validation/test_validation.py,src/validation/test_validation.py,[SOURCE CODE],Python pipeline / model / utility script,0,0,NO,High,KEEP IN PLACE,Active source modules with interdependent Python imports.
src/validation/test_validation_v3_1.py,src/validation/test_validation_v3_1.py,[SOURCE CODE],Python pipeline / model / utility script,0,0,NO,High,KEEP IN PLACE,Active source modules with interdependent Python imports.
src/validation/__init__.py,src/validation/__init__.py,[SOURCE CODE],Python pipeline / model / utility script,0,0,NO,High,KEEP IN PLACE,Active source modules with interdependent Python imports.
src/__pycache__/__init__.cpython-314.pyc,archive/cache/__init__.cpython-314.pyc,[TEMP/DEBUG/BUILD FILES],Project support artifact,0,0,YES,None,CLEAR / REMOVE,Python bytecode cache. Ignored by git.
