path,category,phase,size_bytes,sha256,purpose,status,safe_to_reorganize,dependency_risk,notes
.gitattributes,[MISC/SUPPORT],General/Infrastructure,88,dbe313804f38ff7b47e4eb1267408137e6302a61e6e051a1f4fc4eb122c9a42b,Project support artifact,Required & Present,NO,High,Standard repository root configuration files
.gitignore,[MISC/SUPPORT],General/Infrastructure,509,0bd0d544b061e6afb74996b702bf045de4806d4a83b104f5ab84dd88cbcf68e2,Project support artifact,Required & Present,NO,High,Standard repository root configuration files
debug_r2.py,[SOURCE CODE],General/Infrastructure,1605,04a6658dac83fdf3b600857b60bef02fddffad0450aeeab8a60d01944a34e928,Python pipeline / model / utility script,Historical/Superseded,YES,Low,Root-level one-off utility scripts safe to move into scripts/ or tools/
fix_encoding.py,[SOURCE CODE],General/Infrastructure,853,017fb68660a1f08ab9053d29d71a2ba4bd93f73bc3ee7ee07c343eeb58e10ac9,Python pipeline / model / utility script,Historical/Superseded,YES,Low,Root-level one-off utility scripts safe to move into scripts/ or tools/
generate_phase41_report.py,[SOURCE CODE],General/Infrastructure,13418,01ff67aed3212a7943569a4eb4e687050b6fb763e631d1695b6258f31747bdb4,Python pipeline / model / utility script,Required & Present,YES,Low,Root-level one-off utility scripts safe to move into scripts/ or tools/
README.md,[DOCUMENTATION],General/Infrastructure,6288,1954dfa87d45de3f0943fb566e7865132a59ea5b7fb64124a59840850098b880,Markdown documentation / research report,Required & Present,NO,High,Standard repository root configuration files
requirements.txt,[DOCUMENTATION],General/Infrastructure,153,a3dacb2ea16c4d0ea0eb25e38a1e2ddfd7361149440a6c7efb827628f5139fa6,Project support artifact,Required & Present,NO,High,Standard repository root configuration files
verify_phase41.py,[SOURCE CODE],General/Infrastructure,1486,cff779f8f2a243b5b516d11ae6683609b5a3be1871b50537640f77df901b25d0,Python pipeline / model / utility script,Required & Present,YES,Low,Root-level one-off utility scripts safe to move into scripts/ or tools/
catboost_info/catboost_training.json,[MISC/SUPPORT],General/Infrastructure,30113,a28f7d3eafc7a0a8d48535e6ca0c200dd21a19ba1cde2d86542776414bf4e865,Structured JSON configuration / metadata file,Required & Present,NO,Low,Active project artifact
catboost_info/learn_error.tsv,[MISC/SUPPORT],General/Infrastructure,4966,6a6f4c67b1a337dfc0037f947a72186b130a05634c5ead42bf66f3e45da20b7a,Project support artifact,Required & Present,NO,Low,Active project artifact
catboost_info/time_left.tsv,[MISC/SUPPORT],General/Infrastructure,3076,255b9dec9ef48d1e15589deb36f96316235b8e0a3e8fc8a5d202dc185f73b535,Project support artifact,Required & Present,NO,Low,Active project artifact
catboost_info/learn/events.out.tfevents,[MISC/SUPPORT],General/Infrastructure,14570,d9ce986030d5a134d23a583d14591100d7154374e10c9f5030df280c75aee931,Project support artifact,Required & Present,NO,Low,Active project artifact
data/.gitkeep,[DATA],General/Infrastructure,49,3c73be2fd9bcba3c28c1ab87eff58759b12829f18da9a6d61ae673f6c1d1f4ea,Project support artifact,Required & Present,NO,Low,Active project artifact
data/C Strenth Reading 1000000.xlsx,[DATA],Phase 1,132551,5605a0e0913de760752dd0aab707f1a66cbc5af130f9811485e958f624460f19,Raw experimental Excel laboratory workbook,Required & Present,NO,High,"Hardcoded in validation, training, and evaluation scripts"
data/F Strength Reading 1000000.xlsx,[DATA],Phase 1,59032,c28972bd289b860f051602a1877cce31c819b55066ea9afc55937357ff37b44a,Raw experimental Excel laboratory workbook,Required & Present,NO,High,"Hardcoded in validation, training, and evaluation scripts"
data/master_dataset.csv,[DATA],Phase 2,675777,6a2d2e0529823dceb4e3dbdaab5c9d99f1bc0f595d91faacd727424be90ba602,"Canonical master dataset (CSV format, 3,600 rows, 16 columns)",Required & Present,NO,High,"Hardcoded in validation, training, and evaluation scripts"
data/master_dataset.parquet,[DATA],Phase 2,59607,0909cb72fcf61bcff7a1e9f98f2f0363953f7d4a346b0dd41da7da0efa63678a,"Canonical master dataset (Parquet format, 3,600 rows, 16 columns)",Required & Present,NO,High,"Hardcoded in validation, training, and evaluation scripts"
data/T Strenth Reading 1000000.xlsx,[DATA],Phase 1,60580,d8283fd9f8c4e75c57ac3696aa36f08895b4d63a997a86530fcd0ff5813ba645,Raw experimental Excel laboratory workbook,Required & Present,NO,High,"Hardcoded in validation, training, and evaluation scripts"
data/splits/development_cohorts.csv,[DATA],Phase 3,2567,8859ada5695830cd15e9538865e00e4b81b1d749283d77f8b8de80cf7f629a0a,Manifest of the 28 development cohorts,Required & Present,NO,High,"Hardcoded in validation, training, and evaluation scripts"
data/splits/development_rows.csv,[DATA],Phase 3,517934,ffb6e29479316eea29ab6be81425ca2e7bd2cb0fffff31c727ec33483f29a221,"Development partition (2,800 specimens, 28 cohorts)",Required & Present,NO,High,"Hardcoded in validation, training, and evaluation scripts"
data/splits/final_test_cohorts.csv,[DATA],Phase 3,839,074b1d2f972e30f02ec0823f100754c73025746afc73ac4a7f1fdf0329dadeb1,Manifest of the 8 locked test cohorts,Required & Present,NO,High,"Hardcoded in validation, training, and evaluation scripts"
data/splits/final_test_rows.csv,[DATA],Phase 3,150905,b3a54af5aa5755e921f1a680b94c85525d278f15249b237bcf8fa6f156314288,Permanently locked 800-specimen test partition,Required & Present,NO,High,"Hardcoded in validation, training, and evaluation scripts"
data/splits/grouped_cv_assignments.csv,[DATA],Phase 3,232217,398a7a388660f4327fd923fca3d9af14e72e9a9512476e7e2de75fd754019b78,5-fold GroupKFold cohort cross-validation assignments,Required & Present,NO,High,"Hardcoded in validation, training, and evaluation scripts"
data/splits/leave_age_out_assignments.csv,[DATA],Phase 3,374587,62c678a4a99a92faa9ac22431fb406516dd69af3ed7d144de686783fc9c04878,Leave-one-curing-age-out CV assignments,Required & Present,NO,High,"Hardcoded in validation, training, and evaluation scripts"
data/splits/scenario_a_random_baseline.csv,[DATA],Phase 4.1,269360,c1eb7de5eeb85487fdf2977c6a64ce404d19a45a699a037be793f2ca53b13bf5,Tabular dataset / metric comparison table,Required & Present,NO,High,"Hardcoded in validation, training, and evaluation scripts"
data/splits/scenario_a_random_baseline.json,[DATA],Phase 4.1,76149,cfb1174ae898c82050e9506fae7e57acec0eb53b3a3a91348e373a359201c020,Structured JSON configuration / metadata file,Required & Present,NO,High,"Hardcoded in validation, training, and evaluation scripts"
data/splits/scenario_b_cohort_grouped.csv,[DATA],Phase 3,269280,007115fd26c7f33f4fde75ff27db9d3660cc4e8a618176368fb9af10b8761697,Tabular dataset / metric comparison table,Required & Present,NO,High,"Hardcoded in validation, training, and evaluation scripts"
data/splits/scenario_b_cohort_grouped.json,[DATA],Phase 3,83504,dafad1d1466bc6d931392ca9b034eeb84d8d7ef16ff6854c255c25d1fe8761c2,Structured JSON configuration / metadata file,Required & Present,NO,High,"Hardcoded in validation, training, and evaluation scripts"
data/splits/scenario_c_leave_age_out.csv,[DATA],Phase 3,374593,2c38ead41feb75f7226a0c68ea57dde3a4a17c9b87a361e23df3ed4c28c51791,Tabular dataset / metric comparison table,Required & Present,NO,High,"Hardcoded in validation, training, and evaluation scripts"
data/splits/scenario_c_leave_age_out.json,[DATA],Phase 3,549007,da98a36364adcbdb394e4a8826c03fed4393dad659c18582106525266f3fbc92,Structured JSON configuration / metadata file,Required & Present,NO,High,"Hardcoded in validation, training, and evaluation scripts"
data/splits/splits_manifest.json,[DATA],Phase 3,1168,989c7af3eda9775197305f45f250f4d3f4b53e679252c913f8c846b6325bd7aa,Structured JSON configuration / metadata file,Required & Present,NO,High,"Hardcoded in validation, training, and evaluation scripts"
data/tabpfn_concrete_v1/README.md,[DOCUMENTATION],Phase 2,2852,859e243c29c0c178f8a8c431e6ca38e361b77d74ec0ce9c58f331848fd7f91b1,Markdown documentation / research report,Required & Present,NO,Low,Active project artifact
data/tabpfn_concrete_v1/tabpfn_concrete_master_copy.csv,[DATA],Phase 2,675777,6a2d2e0529823dceb4e3dbdaab5c9d99f1bc0f595d91faacd727424be90ba602,Tabular dataset / metric comparison table,Required & Present,NO,Low,Active project artifact
data/tabpfn_concrete_v1/tabpfn_concrete_master_copy.parquet,[DATA],Phase 2,59607,0909cb72fcf61bcff7a1e9f98f2f0363953f7d4a346b0dd41da7da0efa63678a,Project support artifact,Required & Present,NO,Low,Active project artifact
data/tabpfn_concrete_v1/tabpfn_concrete_model.csv,[DATA],Phase 2,943798,022350f6a6631369f709df67d1af2e93f0155f43e7f2d930e5cbee559db26b6c,Tabular dataset / metric comparison table,Required & Present,NO,Low,Active project artifact
data/tabpfn_concrete_v1/tabpfn_concrete_model.parquet,[DATA],Phase 2,65167,fb1b32b29d6f22156b07079d113c5ce7a3fe1e77ecee75276028d60a12c7dbde,Project support artifact,Required & Present,NO,Low,Active project artifact
data/tabpfn_concrete_v1/tabpfn_feature_dictionary.csv,[DATA],Phase 2,1597,36d00de9ddbe7e0af1e786e1bb8225e1efea35d3314e5baca7ef78e2db3c910d,Tabular dataset / metric comparison table,Required & Present,NO,Low,Active project artifact
models/tabpfn-v2.5-regressor-v2.5_real.ckpt,[MODEL BINARY],General/Infrastructure,40831868,8ab42d2d0abe3886a2c54a336b2abf251658a23a9b3f6559c4fdf0c024f48e63,Pretrained TabPFN v2.5 foundation model weights,Required & Present,NO,High,Referenced directly in TabPFN training and Phase 5 evaluation scripts
models/tabpfn-v2.5-regressor-v2.5_real.ckpt.lfs_ptr,[CONFIGURATION],General/Infrastructure,133,0c66669e4e7a5d23822bd50b415df1faefa16bdd48390683ec4c3ff1f1596258,Git LFS pointer file for base TabPFN checkpoint,Required & Present,NO,High,Referenced directly in TabPFN training and Phase 5 evaluation scripts
models/classical/catboost_core_unified.joblib,[MODEL BINARY],General/Infrastructure,56586,0709b495cea65823766e63ab9a8ce9e060443206a9168b08bafd5b01d5f802ae,Project support artifact,Required & Present,NO,Low,Active project artifact
models/classical/catboost_expanded_compressive.joblib,[MODEL BINARY],General/Infrastructure,30674,96d89fa9f36c49a8883449e8223653b500c2e1c63e3c9c1ccc2fc89a4a967a67,Project support artifact,Required & Present,NO,Low,Active project artifact
models/classical/catboost_expanded_flexural.joblib,[MODEL BINARY],General/Infrastructure,29722,cddc7d892f25553b310e1d46d3b8b036c562da6a7a3b606ea4b33da958c28592,Project support artifact,Required & Present,NO,Low,Active project artifact
models/classical/catboost_expanded_split_tensile.joblib,[MODEL BINARY],Phase 3,33385,2c6fd402b6e99220bcd8987f428fb8f9c974c913f96a741304fe475d135910cc,Project support artifact,Required & Present,NO,Low,Active project artifact
models/classical/catboost_expanded_unified.joblib,[MODEL BINARY],General/Infrastructure,55949,7d96c6cd8c8add3a512fcdc72a1a4e887e27d711cb68ef50be4b037ea4258f43,Project support artifact,Required & Present,NO,Low,Active project artifact
models/classical/classical_models_manifest.json,[MISC/SUPPORT],General/Infrastructure,8049,878b93a68a1a1205da507e0ed3f4d7aac5926cd8e45ce486b5a2d7654955e0cb,Structured JSON configuration / metadata file,Required & Present,NO,Low,Active project artifact
models/classical/randomforest_core_unified.joblib,[MODEL BINARY],General/Infrastructure,250732,4f0232b4dfa4b55e5f77907eec06abe21a1aec9127f6063ca736c85b3b1ac032,Project support artifact,Required & Present,NO,Low,Active project artifact
models/classical/randomforest_expanded_unified.joblib,[MODEL BINARY],General/Infrastructure,251473,6925deeeaaeaca810ba45f6a6352ca75fa559081f7271645213278b09e800a93,Project support artifact,Required & Present,NO,Low,Active project artifact
models/classical/xgboost_core_unified.joblib,[MODEL BINARY],General/Infrastructure,144384,8e29bd2dc4eecdfda505e323e0eccd3cf45243e9d072fe29d1ca72e6492896f7,Project support artifact,Required & Present,NO,Low,Active project artifact
models/classical/xgboost_expanded_compressive.joblib,[MODEL BINARY],General/Infrastructure,66571,c9cb250ee86fc8e32e7d9af08a4c4ba0f498d0afab5a462e5d94b6e17954200e,Project support artifact,Required & Present,NO,Low,Active project artifact
models/classical/xgboost_expanded_flexural.joblib,[MODEL BINARY],General/Infrastructure,69318,1b60fa4db3683caf0c508d4d2f5a48e89ebfc17dddb3594036b91512c006b270,Project support artifact,Required & Present,NO,Low,Active project artifact
models/classical/xgboost_expanded_split_tensile.joblib,[MODEL BINARY],Phase 3,73435,4a56bd6c419b9e3538721087eb6a197b9866d539429571dacd081af6d8487d1e,Project support artifact,Required & Present,NO,Low,Active project artifact
models/classical/xgboost_expanded_unified.joblib,[MODEL BINARY],General/Infrastructure,151496,718411178d1900361ad469b6a6b662b8014c033db9c23ce7ecb6a5e13cb86b39,Project support artifact,Required & Present,NO,Low,Active project artifact
notebooks/.gitkeep,[MISC/SUPPORT],General/Infrastructure,54,425262cb1381aa1e3a562a7b92d15bbf8e4b5723cad9657995bbd60792232227,Project support artifact,Required & Present,NO,Low,Active project artifact
reports/baseline_modeling_report.md,[REPORT],Phase 4.1,18866,449ba73a2d9942efd3035d1a25f7c78fcf75e1d9934d77da87833eca9267c1d9,Markdown documentation / research report,Required & Present,NO,Medium,Referenced by handoff documents and user reports
reports/baseline_model_comparison.csv,[METRICS],Phase 4.1,8497,4f0421280e366740904890ddb05613911dc9f9ad7aff3cd999ae6157b2fc625a,Tabular dataset / metric comparison table,Required & Present,NO,Medium,Referenced by handoff documents and user reports
reports/current_project_state_handoff.md,[REPORT],General/Infrastructure,53116,27e72cd0fdb9491a11de3dce82f3377852d75b4c434dda65f5a2c70ef67439ee,Markdown documentation / research report,Required & Present,NO,Medium,Referenced by handoff documents and user reports
reports/dataset_audit.md,[REPORT],Phase 1,38082,40350482160be1dfdc7d4b783e2bdf85a1c049a37cefff848dbf74356d6fa59f,Markdown documentation / research report,Required & Present,NO,Medium,Referenced by handoff documents and user reports
reports/dataset_schema.csv,[METRICS],General/Infrastructure,24946,d6d0371151a894d56d8131b9ca1673fb5fff4ca70acf568d7021410545550920,Tabular dataset / metric comparison table,Required & Present,NO,Medium,Referenced by handoff documents and user reports
reports/eda_report.md,[REPORT],Phase 1,28931,37bc3fb4e566a8fa3541125aa210c9f47091e1d888f38dd8822a83e19c993011,Markdown documentation / research report,Required & Present,NO,Medium,Referenced by handoff documents and user reports
reports/final_model_audit_run2.md,[REPORT],Phase 1,14501,d2e616166aa58adcf0171a6442ed5f08c430ee61a31fa2ae857bd0867089b541,Markdown documentation / research report,Required & Present,NO,Medium,Referenced by handoff documents and user reports
reports/final_phase5_scientific_audit.md,[REPORT],Phase 5,17934,d4d962fbf2106fd554a25220c88ebd08c165fbf0fc259abe7d44eea4498caeba,Markdown documentation / research report,Required & Present,NO,Medium,Referenced by handoff documents and user reports
reports/master_dataset_design.md,[REPORT],Phase 2,27169,da3e2c0dcbaeab29c0da975be698a0965d16ab8e760a9907c159f65762d9c97a,Markdown documentation / research report,Required & Present,NO,Medium,Referenced by handoff documents and user reports
reports/master_dataset_schema.csv,[METRICS],Phase 2,1795,313eb1a700bf558939cf6da9950a638fab72e4d3a4c17ad87edc1b6e9a4073a2,Tabular dataset / metric comparison table,Required & Present,NO,Medium,Referenced by handoff documents and user reports
reports/master_dataset_validation.md,[REPORT],Phase 3,7379,bc91a6bdcf643cb742f61d12a473c7ddcf3ce999f38be87da83e86fd8f53d6c5,Markdown documentation / research report,Required & Present,NO,Medium,Referenced by handoff documents and user reports
reports/missing_model_artifacts_run1.md,[REPORT],General/Infrastructure,5757,e3ef9b2d560517f73108e8e095f0a6ffa1f01524b3221c2cc8b50ad8ccb9dc20,Markdown documentation / research report,Required & Present,NO,Medium,Referenced by handoff documents and user reports
reports/phase5_final_evaluation_report.md,[REPORT],Phase 5,6196,d606895b937c3879528a2887ed09d7e220b6de2e7962089a8bcb37cdda81ea8b,Markdown documentation / research report,Required & Present,NO,Medium,Referenced by handoff documents and user reports
reports/project_artifact_inventory_run1.csv,[MISC/SUPPORT],General/Infrastructure,37024,1528f6abda262aaf5b7cabc4ae13a88fd37c24a8933e92029383434948183815,Tabular dataset / metric comparison table,Required & Present,NO,Medium,Referenced by handoff documents and user reports
reports/project_artifact_inventory_run1.md,[REPORT],General/Infrastructure,26499,f6489445076f86d54bebb390ff0978d96dd81d6801db56fd34e3b1bc7333c033,Markdown documentation / research report,Required & Present,NO,Medium,Referenced by handoff documents and user reports
reports/project_dependency_map_run1.csv,[MISC/SUPPORT],General/Infrastructure,62079,b989fafc3f4bf42179d84b6df1c74142efb9f297320105982bf924f15e585ebc,Tabular dataset / metric comparison table,Required & Present,NO,Medium,Referenced by handoff documents and user reports
reports/project_reorganization_move_map_run1.csv,[MISC/SUPPORT],General/Infrastructure,33740,032bbb40272740aa7cb347fb2531328bd34dd932ebbf51fb9cd96edf9643f5e0,Tabular dataset / metric comparison table,Required & Present,NO,Medium,Referenced by handoff documents and user reports
reports/project_reorganization_plan_run1.md,[REPORT],General/Infrastructure,15863,133eeaeeeaa68a2ab28a75dd18d27ea71df4ae68a83a7e088768c68523537dc4,Markdown documentation / research report,Required & Present,NO,Medium,Referenced by handoff documents and user reports
reports/project_reorganization_risks_run1.md,[REPORT],General/Infrastructure,4331,f3cd7782f172fee909ea1c77a4fb878d5fff1bdf82a547700932d6cdd20b8f6e,Markdown documentation / research report,Required & Present,NO,Medium,Referenced by handoff documents and user reports
reports/project_state_handoff.md,[REPORT],General/Infrastructure,43382,62529b79b52bfaa0a5e3d5da3880e9afabda9f269da988f768032f1ab36cc590,Markdown documentation / research report,Required & Present,NO,Medium,Referenced by handoff documents and user reports
reports/project_status_run1.md,[REPORT],General/Infrastructure,7562,e36d8dd4b860819c8e1ff16b66efc0f9a65aded898052a7a2590b04c75de5097,Markdown documentation / research report,Required & Present,NO,Medium,Referenced by handoff documents and user reports
reports/sheets_raw_overview.txt,[REPORT],Phase 1,28563,ea89e6bc61ad8aaa9d5aa212814d587f4e3f4fef37d263bc1ae9f4e9f348ea81,Project support artifact,Required & Present,NO,Medium,Referenced by handoff documents and user reports
reports/tabpfn_data_integrity_report.md,[REPORT],General/Infrastructure,3666,7194138f3c12f46643415aa38545342a3c599fe0c1097cdd4d467e988a9a11c1,Markdown documentation / research report,Required & Present,NO,Medium,Referenced by handoff documents and user reports
reports/tabpfn_feature_engineering.md,[REPORT],General/Infrastructure,3959,30c7d21725b5ae4ec02cda74a225af68ce409a265562d85e406ea3041c517809,Markdown documentation / research report,Required & Present,NO,Medium,Referenced by handoff documents and user reports
reports/tabpfn_finetuned_evaluation_report_run2.md,[REPORT],Phase 4.3,8711,0e9ebf499f44038c0bf6d37c10592120f118572a796c3d33fc7abe3fec8b5912,Markdown documentation / research report,Required & Present,NO,Medium,Referenced by handoff documents and user reports
reports/tabpfn_finetuned_model_comparison_run2.csv,[METRICS],Phase 4.3,1406,574419242dbdacef64e95df19b594d3760ee93aeef3d8f6e2c3f45556a0abc8a,Tabular dataset / metric comparison table,Required & Present,NO,Medium,Referenced by handoff documents and user reports
reports/tabpfn_model_comparison.csv,[METRICS],Phase 4.2,789,9169d998c2a274d636e1e2bc152a7ec589f495ec0e54714dcd318fe2c6315737,Tabular dataset / metric comparison table,Required & Present,NO,Medium,Referenced by handoff documents and user reports
reports/tabpfn_training_report.md,[REPORT],Phase 4.2,8657,b7d9ae9525cb85b951c9afcb87d7c70289af13ac286c5881b562a79de03220a4,Markdown documentation / research report,Required & Present,NO,Medium,Referenced by handoff documents and user reports
reports/validation_strategy.md,[REPORT],Phase 3,22698,17812b46e139fddd1ad799ab3c7f90344557f59d9bab3566868c4ba733b2ff9e,Markdown documentation / research report,Required & Present,NO,Medium,Referenced by handoff documents and user reports
reports/validation_strategy_v3_1.md,[REPORT],Phase 3,19451,4bc0419621232a6daf83d81fd2df021abd8caa567cf0ec88c1d3289cecf9b8ac,Markdown documentation / research report,Required & Present,NO,Medium,Referenced by handoff documents and user reports
reports/figures/01_target_distribution_compressive.png,[FIGURE],General/Infrastructure,181764,0afe29dbe08ef72abbddfcd7434cf8a8ffc1df8ce5e2931b0a2825ba73f9619c,Diagnostic / evaluation visualization plot,Required & Present,NO,Medium,Embedded directly via markdown image links in reports
reports/figures/02_target_distribution_flexural.png,[FIGURE],General/Infrastructure,187587,2bfd6eb4a11b6abb2052db05f309dc9a4b5d7c07f184525492816cda4ef8dfdc,Diagnostic / evaluation visualization plot,Required & Present,NO,Medium,Embedded directly via markdown image links in reports
reports/figures/03_target_distribution_split_tensile.png,[FIGURE],Phase 3,182265,d99ba9becfd0994f68edd3e8f18903d5b090b1e01a4e2e4a8e7213efe556a367,Diagnostic / evaluation visualization plot,Required & Present,NO,Medium,Embedded directly via markdown image links in reports
reports/figures/04_age_effect_compressive.png,[FIGURE],General/Infrastructure,150447,fd1479ac5a07faf2adcd4668cf1bda44bd3959d90a218874d8740c8417e029ca,Diagnostic / evaluation visualization plot,Required & Present,NO,Medium,Embedded directly via markdown image links in reports
reports/figures/05_age_effect_flexural.png,[FIGURE],General/Infrastructure,148030,a6c19f45a524953669ad2821c957c08fcf2fb4269e9aec931a706c37c1ef5cdc,Diagnostic / evaluation visualization plot,Required & Present,NO,Medium,Embedded directly via markdown image links in reports
reports/figures/06_age_effect_split_tensile.png,[FIGURE],Phase 3,148983,a55cd6917470743ceae8117122bd0000b480bdcb41ddfcebaf05cbca2e3c481f,Diagnostic / evaluation visualization plot,Required & Present,NO,Medium,Embedded directly via markdown image links in reports
reports/figures/07_boxplots_compressive.png,[FIGURE],General/Infrastructure,113911,2876b36d377481d60e78d78fea69b4810d7fcf7308f6e2a42a524c04b6b46399,Diagnostic / evaluation visualization plot,Required & Present,NO,Medium,Embedded directly via markdown image links in reports
reports/figures/08_boxplots_flexural.png,[FIGURE],General/Infrastructure,114269,8f726df9f3a89a5ddb130487de5900584852edbe833574fd754feafcd5aef401,Diagnostic / evaluation visualization plot,Required & Present,NO,Medium,Embedded directly via markdown image links in reports
reports/figures/09_boxplots_split_tensile.png,[FIGURE],Phase 3,112008,f393c405c21962e1447515baaec9ec2fc8d32eb97745555447d289ff55442377,Diagnostic / evaluation visualization plot,Required & Present,NO,Medium,Embedded directly via markdown image links in reports
reports/figures/10_correlation_heatmap.png,[FIGURE],General/Infrastructure,327844,9763721f57719fff6742ee268a0fb60555a4da07ca14cb45eaa46372546bab9d,Diagnostic / evaluation visualization plot,Required & Present,NO,Medium,Embedded directly via markdown image links in reports
reports/figures/11_outliers_iqr.png,[FIGURE],General/Infrastructure,195416,81007bbddb3768f6d8a9380068b9e6a56ac638cc65ca43d03b30e8f21e77eed6,Diagnostic / evaluation visualization plot,Required & Present,NO,Medium,Embedded directly via markdown image links in reports
reports/figures/baseline_mae_bacterial_vs_normal.png,[FIGURE],Phase 4.1,72024,20611cf33f42b0e1eb7a90d470907faf99aa241cce0170be3210d4a78c40298d,Diagnostic / evaluation visualization plot,Required & Present,NO,Medium,Embedded directly via markdown image links in reports
reports/figures/baseline_mae_by_age.png,[FIGURE],Phase 4.1,71173,7bda8dfec48dc2373896e86bddb62293f8a26a31e0eca9a0bdab88d9cb2dcb4b,Diagnostic / evaluation visualization plot,Required & Present,NO,Medium,Embedded directly via markdown image links in reports
reports/figures/baseline_mae_heatmap.png,[FIGURE],Phase 4.1,113471,83e401fdf386c583bea00a537de02ddd4984c8a9f1e226380e254211dc8aa67e,Diagnostic / evaluation visualization plot,Required & Present,NO,Medium,Embedded directly via markdown image links in reports
reports/figures/baseline_mae_separate.png,[FIGURE],Phase 4.1,100468,5180a3f1c7d95657fb5bfd96c14126812ef692df55c9152d4264eb528aa096b1,Diagnostic / evaluation visualization plot,Required & Present,NO,Medium,Embedded directly via markdown image links in reports
reports/figures/baseline_pred_vs_actual.png,[FIGURE],Phase 4.1,262729,50741767d5f8437535d35e8926eaed96e2512f7eccfbe955ab1da5379efb56fa,Diagnostic / evaluation visualization plot,Required & Present,NO,Medium,Embedded directly via markdown image links in reports
reports/figures/baseline_r2_comparison.png,[FIGURE],Phase 4.1,137271,6fa230c2e0a07785a516cd1c9c9c9ba2a2fef53bae7721a54bb04eb736b0b144,Diagnostic / evaluation visualization plot,Required & Present,NO,Medium,Embedded directly via markdown image links in reports
reports/figures/baseline_r2_heatmap.png,[FIGURE],Phase 4.1,125979,473cd36cace3ebc27a962c45d1ee80c123a97e33a7a38a8b3cfd1b735eba3711,Diagnostic / evaluation visualization plot,Required & Present,NO,Medium,Embedded directly via markdown image links in reports
reports/figures/baseline_residuals.png,[FIGURE],Phase 4.1,375420,ee3fa17f1fcafc0eff8cf8b35c1a1ac207b5f7ae88535c146c357187bb344e50,Diagnostic / evaluation visualization plot,Required & Present,NO,Medium,Embedded directly via markdown image links in reports
reports/figures/baseline_rmse_heatmap.png,[FIGURE],Phase 4.1,119857,542df719639455684efc2a61cba7e006c5c1f1399b191bd0dc5961d35a6f3cea,Diagnostic / evaluation visualization plot,Required & Present,NO,Medium,Embedded directly via markdown image links in reports
reports/figures/phase5/phase5_cohort_mae.png,[FIGURE],Phase 5,80626,298d98bf739e8fffd0a2ee5d47dd0665cac75523a070a89959e12f15f77f4807,Diagnostic / evaluation visualization plot,Required & Present,NO,Medium,Embedded directly via markdown image links in reports
reports/figures/phase5/phase5_error_by_concrete_type.png,[FIGURE],Phase 5,67060,633836b01d7348c6161baad103d0012d5e5b7d9f253d354615b368e0da8cb0af,Diagnostic / evaluation visualization plot,Required & Present,NO,Medium,Embedded directly via markdown image links in reports
reports/figures/phase5/phase5_oof_vs_test_comparison.png,[FIGURE],Phase 5,53689,3e1b9e011d45a344656ce3f5cc17beb5394cdad2d16151421bd75e63691ef43d,Diagnostic / evaluation visualization plot,Required & Present,NO,Medium,Embedded directly via markdown image links in reports
reports/figures/phase5/phase5_parity_plots.png,[FIGURE],Phase 5,170592,c2729210d05d7a93f1debc1a45fae4f5c7725d0326c63a2d0efe97bd8c2c5f3c,Diagnostic / evaluation visualization plot,Required & Present,NO,Medium,Embedded directly via markdown image links in reports
reports/figures/phase5/phase5_residual_distributions.png,[FIGURE],Phase 5,85156,f28b023578d48c6cc9cdcb0a2162665404de298ad1685639ec753d03e97582b2,Diagnostic / evaluation visualization plot,Required & Present,NO,Medium,Embedded directly via markdown image links in reports
reports/figures/tabpfn_finetuned_run2/actual_vs_pred_compressive.png,[FIGURE],Phase 4.3,85393,aeebb617e017be0769ee03eb1379800e5fcd8cf6ba29572c25818af287c42e70,Diagnostic / evaluation visualization plot,Required & Present,NO,Medium,Embedded directly via markdown image links in reports
reports/figures/tabpfn_finetuned_run2/actual_vs_pred_flexural.png,[FIGURE],Phase 4.3,76413,ee1190de51a5d42b25223ef6deab5bf7acd3b5fe3dec5bf99788d716648ed188,Diagnostic / evaluation visualization plot,Required & Present,NO,Medium,Embedded directly via markdown image links in reports
reports/figures/tabpfn_finetuned_run2/actual_vs_pred_split_tensile.png,[FIGURE],Phase 4.3,85294,e84ddcb7f76398a8fa160f5bf32873f0dd1216d013ff9b1982e3b61632ac5681,Diagnostic / evaluation visualization plot,Required & Present,NO,Medium,Embedded directly via markdown image links in reports
reports/figures/tabpfn_finetuned_run2/fold_wise_mae.png,[FIGURE],Phase 4.3,34499,71bb2b9464bc438e50da6583d5fb26d7c24ecc39573c5fb966a206073ff8c783,Diagnostic / evaluation visualization plot,Required & Present,NO,Medium,Embedded directly via markdown image links in reports
reports/figures/tabpfn_finetuned_run2/mae_vs_curing_age.png,[FIGURE],Phase 4.3,48427,300191d622c5775692c7998f24a022ad6375a1c56551993534996906e95d6db1,Diagnostic / evaluation visualization plot,Required & Present,NO,Medium,Embedded directly via markdown image links in reports
reports/figures/tabpfn_finetuned_run2/prediction_error_vs_curing_age.png,[PREDICTION ARTIFACT],Phase 4.3,55429,5a286231bfe8e79e472c795181986d9010e272758112e356790709d51b224aa7,Diagnostic / evaluation visualization plot,Required & Present,NO,Medium,Embedded directly via markdown image links in reports
reports/figures/tabpfn_finetuned_run2/pretrained_vs_finetuned_mae.png,[FIGURE],Phase 4.3,41344,4afe4ca42968e3c930f3394544f56ab75e224be52335c64bd3584d7ff97d1323,Diagnostic / evaluation visualization plot,Required & Present,NO,Medium,Embedded directly via markdown image links in reports
reports/figures/tabpfn_finetuned_run2/residual_distribution.png,[FIGURE],Phase 4.3,73047,f509dac7b69cb4f39bb6025058977594986224627a651266bd107268d8a586d8,Diagnostic / evaluation visualization plot,Required & Present,NO,Medium,Embedded directly via markdown image links in reports
results/phase4_1_run_metadata.json,[METADATA],Phase 4.1,656,c210377cbd928ee8775f9fc1a9a287c78b99e05575409c3d5602c707b4924354,Phase 4.1 classical baseline execution metadata,Required & Present,NO,Low,Active project artifact
results/models/tabpfn/pretrained_baseline_metadata.json,[METADATA],Phase 4.1,1071,deb3e32ab438ba90e2578c2a03093f2b0843511b868c4a053d462f5d33587cb0,Execution metadata and metric records,Required & Present,NO,Low,Active project artifact
results/models/tabpfn/tabpfn_run_metadata.json,[METADATA],General/Infrastructure,935,0bac789e2061c3eb7d0c38037a1f481e12904769a099cabab29c061e9712d4e5,Execution metadata and metric records,Required & Present,NO,Low,Active project artifact
results/models/tabpfn/tabpfn_training_config.json,[CONFIGURATION],General/Infrastructure,1043,8beb99bf9e35c405031418dfbb451aeba747cb9e6d038513f636f1f99204c767,Structured JSON configuration / metadata file,Required & Present,NO,Low,Active project artifact
results/models/tabpfn/fold_models_run2/fold_1/fold_1_config.json,[CONFIGURATION],Phase 4.3,2499,d34e5273cf198d7659ef4f9c80be3ed0884b8b11fe5687d2c888126ecd88fd55,Structured JSON configuration / metadata file,Required & Present,NO,Medium,Referenced by Phase 4.3 OOF assemblers and audit scripts
results/models/tabpfn/fold_models_run2/fold_1/fold_1_val_predictions.csv,[PREDICTION ARTIFACT],Phase 4.3,168389,cb46ab4835857845e56bd00bb896474ff7c19ba7f50152dc68b8280084de2888,Tabular dataset / metric comparison table,Required & Present,NO,Medium,Referenced by Phase 4.3 OOF assemblers and audit scripts
results/models/tabpfn/fold_models_run2/fold_2/fold_2_config.json,[CONFIGURATION],Phase 4.3,2496,792cf4b2edc5b3e8eb74ec81e562b86b9ecfc9efc7630a9d5c7682b5fec4ef8b,Structured JSON configuration / metadata file,Required & Present,NO,Medium,Referenced by Phase 4.3 OOF assemblers and audit scripts
results/models/tabpfn/fold_models_run2/fold_2/fold_2_val_predictions.csv,[PREDICTION ARTIFACT],Phase 4.3,168313,3cb0de675b74ce8be684255d25a3cf6c4a3ba791ef34ae861901237f74298dcd,Tabular dataset / metric comparison table,Required & Present,NO,Medium,Referenced by Phase 4.3 OOF assemblers and audit scripts
results/models/tabpfn/fold_models_run2/fold_3/fold_3_config.json,[CONFIGURATION],Phase 4.3,2496,ad64158e9445403c988db4436417dbab825f80315d4511b9a04307938aed9bcc,Structured JSON configuration / metadata file,Required & Present,NO,Medium,Referenced by Phase 4.3 OOF assemblers and audit scripts
results/models/tabpfn/fold_models_run2/fold_3/fold_3_val_predictions.csv,[PREDICTION ARTIFACT],Phase 4.3,167271,cc5824ee76cf7e8a3251dc869f30adbc9b1471a36f7dfc3e5a14c82450659718,Tabular dataset / metric comparison table,Required & Present,NO,Medium,Referenced by Phase 4.3 OOF assemblers and audit scripts
results/models/tabpfn/fold_models_run2/fold_4/fold_4_config.json,[CONFIGURATION],Phase 4.3,2817,3388ad415296e940108bb947a20766b07b80c008e2be9b6b518d3a458f81b848,Structured JSON configuration / metadata file,Required & Present,NO,Medium,Referenced by Phase 4.3 OOF assemblers and audit scripts
results/models/tabpfn/fold_models_run2/fold_4/fold_4_finetuned.joblib,[MODEL BINARY],Phase 4.3,84093937,041a859ae151126b386fe5de2ca6b50aece12d108fdae0575f4beb7de3b83b64,Fine-tuned TabPFN fold model weights (serialized estimator),Required & Present,NO,Medium,Referenced by Phase 4.3 OOF assemblers and audit scripts
results/models/tabpfn/fold_models_run2/fold_4/fold_4_val_predictions.csv,[PREDICTION ARTIFACT],Phase 4.3,137135,b12a488c4b8ccba70fb5dbfc0385382a6dd42c41ec79d265c3af70c860cc587c,Tabular dataset / metric comparison table,Required & Present,NO,Medium,Referenced by Phase 4.3 OOF assemblers and audit scripts
results/models/tabpfn/fold_models_run2/fold_5/fold_5_config.json,[CONFIGURATION],Phase 4.3,2816,19f131ed6340e4b530dd6a99a1985d47aa7f033cf24f02863070bcdcc297103c,Structured JSON configuration / metadata file,Required & Present,NO,Medium,Referenced by Phase 4.3 OOF assemblers and audit scripts
results/models/tabpfn/fold_models_run2/fold_5/fold_5_finetuned.joblib,[MODEL BINARY],Phase 4.3,84093633,ff5c3fd5e741c6070690e661d34b821b8c37695debc6784c4950ce0a84907d04,Fine-tuned TabPFN fold model weights (serialized estimator),Required & Present,NO,Medium,Referenced by Phase 4.3 OOF assemblers and audit scripts
results/models/tabpfn/fold_models_run2/fold_5/fold_5_val_predictions.csv,[PREDICTION ARTIFACT],Phase 4.3,136274,d896d5e2a7efa49013cc76000e284b89cc2efab74c4bbe509251971a89ceb496,Tabular dataset / metric comparison table,Required & Present,NO,Medium,Referenced by Phase 4.3 OOF assemblers and audit scripts
results/phase5/phase5_metadata.json,[METADATA],Phase 5,4647,c409efb86661100627ef76548d6ccbcdaf835be8af0c405a3c17b5a49b4c6b67,Phase 5 execution parameters and full metric payload,Required & Present,NO,Low,Active project artifact
results/predictions/phase4_1_cv_predictions.csv,[PREDICTION ARTIFACT],Phase 4.1,9049377,a1aeddc3921f30e9dd8950163920f95cf793fe9821dd0c569c33142c29bd1aab,"Phase 4.1 classical baseline CV predictions (67,200 rows)",Required & Present,NO,High,"Referenced by audit scripts, report generators, and comparison notebooks"
results/predictions/phase5_final_test_predictions.csv,[PREDICTION ARTIFACT],Phase 5,127377,a949aaba948ea2d066a9cadba80bfe43ad2df23865513e6ec17992aaf0060543,Phase 5 final locked-test predictions (800 rows),Required & Present,NO,High,"Referenced by audit scripts, report generators, and comparison notebooks"
results/predictions/tabpfn_cv_predictions.csv,[PREDICTION ARTIFACT],Phase 4.2,704685,7f624c2f667c7d2927bc82d5a785abb7c675efacd1a23888fcb07fffb21e86c8,"Phase 4.2 Pretrained TabPFN CV predictions (5,600 rows)",Required & Present,NO,High,"Referenced by audit scripts, report generators, and comparison notebooks"
results/predictions/tabpfn_finetuned_oof_predictions_run2.csv,[PREDICTION ARTIFACT],Phase 4.3,385178,c78790c4aa5f4ab89fc264d8ba733eaa8aa2c144fa8ec045f0d0b0d1149040bb,"Phase 4.3 Fine-tuned TabPFN 5-fold OOF predictions (2,800 rows)",Required & Present,NO,High,"Referenced by audit scripts, report generators, and comparison notebooks"
results/tabpfn_finetuned_run2/metadata.json,[METADATA],Phase 4.3,6394,1d288a22382d4f5c159eafdfc95d964d6eafe680df9bcaaffb7278c11e1f3217,Execution metadata and metric records,Required & Present,NO,Low,Active project artifact
src/build_and_validate_master.py,[SOURCE CODE],General/Infrastructure,19097,da16031e27588301cc4d53ab85f9753764bff138e2db6375db159601d8550950,Python pipeline / model / utility script,Required & Present,NO,High,Imported across modules and called via command line
src/build_master_design_report.py,[SOURCE CODE],General/Infrastructure,28991,bc583cbb2aa99edd6c2621105b0686a8df05475877ed6915fb6cf8db8b433fe1,Python pipeline / model / utility script,Required & Present,NO,High,Imported across modules and called via command line
src/complete_auditor.py,[SOURCE CODE],Phase 1,7983,4c1f0706edb0fafeb8c94cecd7fb523a9d8ad2ac3a25326838e7e2be85cd9715,Python pipeline / model / utility script,Required & Present,NO,High,Imported across modules and called via command line
src/deep_audit.py,[SOURCE CODE],Phase 1,1180,70b26e3cb8ae5700cfae18fdd6b8d27cb0a3eb5823a9f27c225e594fa99b0f04,Python pipeline / model / utility script,Required & Present,NO,High,Imported across modules and called via command line
src/generate_design_report.py,[SOURCE CODE],General/Infrastructure,22958,266b63e20af75847c60253457e5fb34d651b5cdae2cd70c09bf090ea5aa671ed,Python pipeline / model / utility script,Required & Present,NO,High,Imported across modules and called via command line
src/generate_full_audit.py,[SOURCE CODE],Phase 1,14103,fef9cfaa9e6430297e6da0fe114d359e4c54aa92e5625e4c0444d0e3a461b804,Python pipeline / model / utility script,Required & Present,NO,High,Imported across modules and called via command line
src/generate_markdown_report.py,[SOURCE CODE],General/Infrastructure,17542,aaecb798fc81aab7e7f646fabeeaa7b669718728231fbac8d9154a77ba84d5b0,Python pipeline / model / utility script,Required & Present,NO,High,Imported across modules and called via command line
src/parse_all_sheets.py,[SOURCE CODE],Phase 1,1535,097238f10637d1feaae630fea5b2ca735931acdffb0a47a2053dc4c9d3136e4e,Python pipeline / model / utility script,Required & Present,NO,High,Imported across modules and called via command line
src/perform_eda.py,[SOURCE CODE],Phase 1,39475,ec85d1bdb108a786b1ea38619791f6725028512f0e8f1705ca90934b540d4736,Python pipeline / model / utility script,Required & Present,NO,High,Imported across modules and called via command line
src/test_tabpfn.py,[SOURCE CODE],General/Infrastructure,155,7ac52267519d680780b3e56db68db2a9946020b8d8e2c51489658b8555f320c6,Python pipeline / model / utility script,Required & Present,NO,High,Imported across modules and called via command line
src/__init__.py,[SOURCE CODE],General/Infrastructure,44,3facc6bec0d45cb878b2b5c57a7b7384af9ba57edccb561735578d91034d53da,Python pipeline / model / utility script,Required & Present,NO,High,Imported across modules and called via command line
src/modeling/baseline_training.py,[SOURCE CODE],Phase 4.1,42234,f90341db8294caafb8b2b626ff48ec03681f0a468acb2877c1b9a920893ae366,Python pipeline / model / utility script,Required & Present,NO,High,Imported across modules and called via command line
src/modeling/evaluate_tabpfn_baselines.py,[SOURCE CODE],Phase 4.1,12091,2db30567c0e5666c1d79050c95a17ce3b7ed284967aed39c80e19e5a0d2121a5,Python pipeline / model / utility script,Required & Present,NO,High,Imported across modules and called via command line
src/modeling/evaluate_tabpfn_finetuned_5fold.py,[SOURCE CODE],Phase 4.3,31397,19e15bd1433fba1254b8337ba65d2d1a59b9df6c7c847bffe764f7d9d51755a8,Python pipeline / model / utility script,Required & Present,NO,High,Imported across modules and called via command line
src/modeling/phase5_final_evaluation.py,[SOURCE CODE],Phase 5,34018,8903a52124cf1abb0dbf2944f9e1c06572a0e09a2f80a07e4fae76de6d00d289,Python pipeline / model / utility script,Required & Present,NO,High,Imported across modules and called via command line
src/modeling/train_and_save_classical_models.py,[SOURCE CODE],General/Infrastructure,8078,f2fd6c36a51738aa9f87abc22c37bcf09a561c1026fc12c467f0272bd971fd86,Python pipeline / model / utility script,Required & Present,NO,High,Imported across modules and called via command line
src/modeling/__init__.py,[SOURCE CODE],General/Infrastructure,23,2e931919157032040e1686555e3681a9e0fc235e469d0d996d8e008327b9b0c9,Python pipeline / model / utility script,Required & Present,NO,High,Imported across modules and called via command line
src/modeling/__pycache__/phase5_final_evaluation.cpython-314.pyc,[TEMP/DEBUG/BUILD FILES],Phase 5,43712,34946c439853c60f0f76b94c349e3d639da4c895ea81f9b06a2c7c97eeca2ba0,Project support artifact,Temporary/Cache,NO,High,Imported across modules and called via command line
src/modeling/__pycache__/__init__.cpython-314.pyc,[TEMP/DEBUG/BUILD FILES],General/Infrastructure,239,16e016f801a40154f0c50765f7932719706504cbe1a5cb4ed06ae71303e3f94b,Project support artifact,Temporary/Cache,NO,High,Imported across modules and called via command line
src/validation/cohort_analyzer.py,[SOURCE CODE],Phase 3,3923,602a337a3def14123cc3c46bdf0e8fe057d804279e0d6b35fae3bde58cbb2766,Python pipeline / model / utility script,Required & Present,NO,High,Imported across modules and called via command line
src/validation/evaluator.py,[SOURCE CODE],Phase 3,4800,b38312a97522e737175f5643aca2be89382637b8f2c0155ea027f7d5078e5a9e,Python pipeline / model / utility script,Required & Present,NO,High,Imported across modules and called via command line
src/validation/feature_policy.py,[SOURCE CODE],Phase 3,4919,f0df72180067866f7049d978a6d0164957b7e885aa9b3942fee192e9e717ec72,Python pipeline / model / utility script,Required & Present,NO,High,Imported across modules and called via command line
src/validation/leakage_checker.py,[SOURCE CODE],Phase 3,8515,4940c2eb17aa281890039dee7b836744151a7e7b395b700487ca3218ec2465fe,Python pipeline / model / utility script,Required & Present,NO,High,Imported across modules and called via command line
src/validation/pipeline.py,[SOURCE CODE],Phase 3,22162,11bf97a562f1cfe7900deb1392f9cc4982f4c66914932e6f5484ee468513210f,Python pipeline / model / utility script,Required & Present,NO,High,Imported across modules and called via command line
src/validation/robust_grouped_cv.py,[SOURCE CODE],Phase 3,40967,468151742210992ef05470aa7929dc1baad160bf11d0d7212bda8e70cc3d04bb,Python pipeline / model / utility script,Required & Present,NO,High,Imported across modules and called via command line
src/validation/split_generator.py,[SOURCE CODE],Phase 3,14780,d0368ab7ec61635ecd8f41e8abe51329ea63b11698b1093cf97d618d896b1622,Python pipeline / model / utility script,Required & Present,NO,High,Imported across modules and called via command line
src/validation/test_validation.py,[SOURCE CODE],Phase 3,5877,16f63ca7fc6e70be627365fb799bf61a845875be5adbff04b178b8f93bbcf6fc,Python pipeline / model / utility script,Required & Present,NO,High,Imported across modules and called via command line
src/validation/test_validation_v3_1.py,[SOURCE CODE],Phase 3,4864,2b6495c15a5b46f4df11cf4016804bb4361f83e5eb7b787519c55d8c530753c5,Python pipeline / model / utility script,Required & Present,NO,High,Imported across modules and called via command line
src/validation/__init__.py,[SOURCE CODE],Phase 3,702,2423d7452d3249e37e42434063c7f1dcecf0af26374674a108b35e221b5fff36,Python pipeline / model / utility script,Required & Present,NO,High,Imported across modules and called via command line
src/__pycache__/__init__.cpython-314.pyc,[TEMP/DEBUG/BUILD FILES],General/Infrastructure,282,7668082d63733e9c3a84b67237879132f52b273f8024c57886e79e201a0eb789,Project support artifact,Temporary/Cache,NO,High,Imported across modules and called via command line
