model,feature_set,strategy,compressive_mae,compressive_rmse,compressive_r2,flexural_mae,flexural_rmse,flexural_r2,tensile_mae,tensile_rmse,tensile_r2,overall_mae,overall_rmse,overall_r2
Fine-Tuned TabPFN v2.5,V2_ENGINEERED,Unified,3.4449,5.1574,0.108003,2.1343,4.8612,-38.189604,1.2987,2.9499,-30.485695,2.2571,4.3879,0.887205
Pretrained TabPFN v2.5,V2_ENGINEERED,Unified,1.6168,2.0385,0.860649,1.8116,3.436,-18.578544,0.4603,0.7331,-0.94442,1.2664,2.307,0.968819
XGBoost,Core,Unified,2.38,2.7913,0.738713,0.6863,0.9609,-0.531372,0.7084,1.0833,-3.246001,1.2386,1.7945,0.981134
XGBoost,Expanded,Unified,2.5192,2.8997,0.718032,0.4689,0.5433,0.510582,0.3148,0.3576,0.537302,1.0729,1.6862,0.983343
RandomForest,Core,Unified,3.3094,3.8942,0.491457,0.5695,0.6709,0.253541,0.3397,0.3794,0.479047,1.3681,2.2518,0.970295
RandomForest,Core,Separate,3.3204,3.9027,0.489237,0.4554,0.5301,0.53396,0.3311,0.3713,0.501083,1.3319,2.2439,0.970501
CatBoost,Core,Unified,2.4369,3.1104,0.675569,1.1307,1.7901,-4.314246,0.8584,1.3437,-5.532999,1.4533,2.1873,0.97197
CatBoost,Expanded,Unified,3.1026,4.1688,0.417212,0.7844,1.0635,-0.875796,0.7375,1.0419,-2.927661,1.5128,2.5174,0.962874
Ridge,Core,Unified,3.3107,4.082,0.441217,1.9764,2.8277,-12.259836,1.8061,2.6741,-24.874842,2.3445,3.2373,0.938604
Linear,Core,Unified,3.3132,4.0816,0.441338,1.9738,2.8189,-12.178069,1.8016,2.6661,-24.718795,2.3428,3.2323,0.938794
